{
  "best_order": [
    24,
    87,
    31,
    70,
    63,
    13,
    11,
    57,
    92,
    33,
    84,
    86,
    14,
    54,
    55,
    41,
    52,
    17,
    100,
    20,
    21,
    61,
    18,
    36,
    32,
    15,
    1,
    65,
    30,
    26,
    97,
    7,
    69,
    76,
    58,
    62,
    46,
    40,
    51,
    44,
    78,
    48,
    96,
    80,
    94,
    42,
    81,
    66,
    83,
    39,
    3,
    9,
    6,
    49,
    45,
    8,
    85,
    23,
    43,
    89,
    28,
    71,
    68,
    93,
    79,
    38,
    29,
    95,
    37,
    74,
    47,
    4,
    50,
    56,
    72,
    77,
    60,
    19,
    12,
    82,
    5,
    2,
    88,
    90,
    73,
    64,
    75,
    27,
    91,
    99,
    16,
    10,
    67,
    59,
    25,
    22,
    101,
    35,
    53,
    98,
    34
  ],
  "best_score": 24172.422210032717,
  "best_info": {
    "total_distance": 24172.422210032717,
    "infeasible_count": 0,
    "routes": [
      {
        "route": [
          24,
          87,
          31,
          70,
          63,
          13,
          11,
          57,
          92,
          33,
          84,
          86,
          14,
          54,
          55,
          41,
          52,
          17,
          100,
          20,
          21,
          61,
          18,
          36,
          32,
          15,
          1
        ],
        "distance": 7362.637905045614,
        "feasible": true,
        "boxes_total": 48,
        "boxes_packed": 48,
        "fill_rate": 0.11875114567901235
      },
      {
        "route": [
          65,
          30,
          26,
          97,
          7,
          69,
          76,
          58,
          62,
          46,
          40,
          51,
          44,
          78,
          48,
          96,
          80,
          94,
          42,
          81,
          66,
          83,
          39,
          3,
          9,
          6,
          49,
          45
        ],
        "distance": 6186.106183877656,
        "feasible": true,
        "boxes_total": 48,
        "boxes_packed": 48,
        "fill_rate": 0.34302657592592595
      },
      {
        "route": [
          8,
          85,
          23,
          43,
          89,
          28,
          71,
          68,
          93,
          79,
          38,
          29,
          95,
          37,
          74,
          47,
          4,
          50,
          56,
          72,
          77,
          60,
          19,
          12,
          82,
          5,
          2,
          88,
          90,
          73
        ],
        "distance": 7164.546946664628,
        "feasible": true,
        "boxes_total": 47,
        "boxes_packed": 47,
        "fill_rate": 0.28687923425925926
      },
      {
        "route": [
          64,
          75,
          27,
          91,
          99,
          16,
          10,
          67,
          59,
          25,
          22,
          101,
          35,
          53,
          98,
          34
        ],
        "distance": 3459.1311744448176,
        "feasible": true,
        "boxes_total": 27,
        "boxes_packed": 27,
        "fill_rate": 0.06056926388888889
      }
    ]
  },
  "history": [
    49813.57720661809,
    49813.57720661809,
    48809.05501153764,
    48081.6559212432,
    47478.53354173698,
    45760.81676214249,
    44305.88679204065,
    44305.88679204065,
    44305.88679204065,
    43736.940428346614,
    42684.22439427254,
    42543.375029322706,
    42543.375029322706,
    41706.98145397581,
    41706.98145397581,
    40980.4098907718,
    40980.4098907718,
    40490.244177165485,
    39583.35771921306,
    38991.85000479166,
    38991.85000479166,
    38861.109183754685,
    38338.77744460697,
    38098.21947433456,
    37353.50776228116,
    37353.50776228116,
    36814.98960339968,
    36814.98960339968,
    36814.98960339968,
    36814.98960339968,
    36611.01329181487,
    35847.97415498678,
    35847.97415498678,
    35828.69143645237,
    35828.69143645237,
    35603.15574251693,
    35603.15574251693,
    35449.650606212046,
    35128.272908282415,
    35128.272908282415,
    34910.41393797421,
    34910.41393797421,
    34910.41393797421,
    34678.168056693175,
    34633.25912339854,
    33950.81898147769,
    33950.81898147769,
    33639.97872326031,
    33639.97872326031,
    33639.97872326031,
    33639.97872326031,
    33579.15918421768,
    33277.675827170846,
    33277.675827170846,
    33001.89591967085,
    33001.89591967085,
    33001.89591967085,
    32929.48946778185,
    32695.888520604683,
    32400.531589561408,
    32035.557293049373,
    32035.557293049373,
    32035.557293049373,
    32035.557293049373,
    32035.557293049373,
    32035.557293049373,
    31823.128051959342,
    31731.561491149965,
    31432.162687694155,
    30484.414273285096,
    30484.414273285096,
    30484.414273285096,
    30373.121406496855,
    30360.5678119083,
    30360.5678119083,
    30360.5678119083,
    30259.260121462263,
    30075.089042352836,
    30075.089042352836,
    30075.089042352836,
    30075.089042352836,
    29965.1966693786,
    29790.598532659766,
    29790.598532659766,
    29570.728956055915,
    29570.728956055915,
    29570.728956055915,
    29570.728956055915,
    28626.02008876836,
    28626.02008876836,
    28626.02008876836,
    28626.02008876836,
    28626.02008876836,
    28626.02008876836,
    28549.637654010174,
    28549.637654010174,
    28549.637654010174,
    27798.800237252606,
    27798.800237252606,
    27798.800237252606,
    27798.800237252606,
    27798.800237252606,
    27798.800237252606,
    27707.140093138736,
    27650.855526755353,
    27650.855526755353,
    27650.855526755353,
    27537.069711328993,
    27468.883982376738,
    27468.883982376738,
    27468.883982376738,
    27468.883982376738,
    27463.0735499032,
    27463.0735499032,
    27463.0735499032,
    27463.0735499032,
    27454.457239618096,
    27396.576284314164,
    27396.576284314164,
    27308.19358067944,
    27308.19358067944,
    27308.19358067944,
    27141.212139102507,
    27141.212139102507,
    27141.212139102507,
    27141.212139102507,
    27141.212139102507,
    27141.212139102507,
    26669.370982241206,
    26669.370982241206,
    26669.370982241206,
    26669.370982241206,
    26669.370982241206,
    26669.370982241206,
    26669.370982241206,
    26669.370982241206,
    26669.370982241206,
    26669.370982241206,
    26434.31322283523,
    26434.31322283523,
    26434.31322283523,
    26434.31322283523,
    26434.31322283523,
    26424.301704348414,
    26424.301704348414,
    26200.970359713934,
    26200.970359713934,
    26114.529805026337,
    26114.529805026337,
    26019.263946505347,
    26019.263946505347,
    26019.263946505347,
    25976.873692287725,
    25922.23032799806,
    25922.23032799806,
    25919.06867570635,
    25919.06867570635,
    25811.003775214747,
    25811.003775214747,
    25811.003775214747,
    25714.18275550693,
    25714.18275550693,
    25714.18275550693,
    25625.930281030403,
    25625.930281030403,
    25600.186974788438,
    25579.162639270544,
    25579.162639270544,
    25569.670470829256,
    25444.194778527537,
    25419.39692193798,
    25419.39692193798,
    25198.610205515884,
    25198.610205515884,
    25198.610205515884,
    25198.610205515884,
    25198.610205515884,
    25196.315454015,
    24983.727732448966,
    24983.727732448966,
    24831.389626710454,
    24725.881333202233,
    24725.881333202233,
    24629.112681792587,
    24629.112681792587,
    24547.956362693283,
    24547.956362693283,
    24547.956362693283,
    24547.956362693283,
    24547.956362693283,
    24547.956362693283,
    24547.956362693283,
    24320.22670361208,
    24320.22670361208,
    24320.22670361208,
    24320.22670361208,
    24320.22670361208,
    24172.422210032717,
    24172.422210032717,
    24172.422210032717
  ],
  "duration": 43.00036406517029
}