{
  "best_order": [
    74,
    36,
    94,
    64,
    80,
    96,
    91,
    66,
    86,
    84,
    88,
    95,
    99,
    56,
    82,
    29,
    83,
    37,
    32,
    38,
    89,
    98,
    58,
    53,
    61,
    63,
    92,
    33,
    72,
    69,
    67,
    70,
    93,
    85,
    101,
    87,
    23,
    10,
    49,
    31,
    47,
    60,
    20,
    77,
    78,
    76,
    97,
    73,
    57,
    55,
    43,
    41,
    39,
    22,
    30,
    15,
    35,
    65,
    6,
    9,
    27,
    75,
    28,
    71,
    62,
    17,
    81,
    51,
    42,
    90,
    11,
    68,
    18,
    79,
    44,
    40,
    12,
    19,
    52,
    26,
    48,
    21,
    16,
    24,
    45,
    100,
    46,
    25,
    14,
    59,
    54,
    2,
    13,
    50,
    8,
    7,
    34,
    5,
    4,
    3,
    1
  ],
  "best_score": 22930.857034580273,
  "best_info": {
    "total_distance": 22930.857034580273,
    "infeasible_count": 0,
    "routes": [
      {
        "route": [
          74,
          36,
          94,
          64,
          80,
          96,
          91,
          66,
          86,
          84,
          88,
          95,
          99,
          56,
          82,
          29,
          83,
          37,
          32,
          38,
          89,
          98,
          58,
          53,
          61,
          63,
          92,
          33,
          72,
          69,
          67,
          70,
          93
        ],
        "distance": 5714.664584395731,
        "feasible": true,
        "boxes_total": 0,
        "boxes_packed": 0,
        "fill_rate": 0.0
      },
      {
        "route": [
          85,
          101,
          87,
          23,
          10,
          49,
          31,
          47,
          60,
          20,
          77,
          78,
          76,
          97,
          73,
          57,
          55,
          43,
          41,
          39,
          22,
          30,
          15,
          35,
          65,
          6,
          9,
          27
        ],
        "distance": 7757.076792811291,
        "feasible": true,
        "boxes_total": 0,
        "boxes_packed": 0,
        "fill_rate": 0.0
      },
      {
        "route": [
          75,
          28,
          71,
          62,
          17,
          81,
          51,
          42,
          90,
          11,
          68,
          18,
          79,
          44,
          40,
          12,
          19,
          52,
          26,
          48,
          21,
          16,
          24,
          45,
          100,
          46,
          25
        ],
        "distance": 6939.442713658269,
        "feasible": true,
        "boxes_total": 0,
        "boxes_packed": 0,
        "fill_rate": 0.0
      },
      {
        "route": [
          14,
          59,
          54,
          2,
          13,
          50,
          8,
          7,
          34,
          5,
          4,
          3,
          1
        ],
        "distance": 2519.672943714983,
        "feasible": true,
        "boxes_total": 0,
        "boxes_packed": 0,
        "fill_rate": 0.0
      }
    ]
  },
  "history": [
    44826.93405908165,
    44826.93405908165,
    44826.93405908165,
    44501.1128181083,
    43476.97702534108,
    43476.97702534108,
    42095.811997883735,
    41721.97378135822,
    41234.484301327975,
    41234.484301327975,
    41118.970298084045,
    40442.23451721599,
    40404.80662791415,
    39059.40344158773,
    39059.40344158773,
    39059.40344158773,
    38705.50301959536,
    38557.97648525217,
    38534.197195892615,
    38490.72233163257,
    38277.841034713085,
    37476.20681517986,
    37253.02044095213,
    36873.71874330052,
    36873.71874330052,
    36431.762920090136,
    36431.762920090136,
    36256.79915438083,
    36256.79915438083,
    35656.496724506804,
    35520.40427849271,
    35520.40427849271,
    35520.40427849271,
    34436.19034097403,
    34436.19034097403,
    34436.19034097403,
    34436.19034097403,
    34148.69401939496,
    33940.456312153845,
    33940.456312153845,
    33895.623636091164,
    33651.25453297098,
    33651.25453297098,
    33325.10153010741,
    33155.52050415079,
    33054.203862084,
    32942.858831516955,
    32942.858831516955,
    32761.85060550126,
    32680.713784003838,
    32583.095970643903,
    32583.095970643903,
    32583.095970643903,
    32134.057489450468,
    31833.16036065745,
    31833.16036065745,
    31771.03582134659,
    31676.953464943763,
    31676.953464943763,
    31601.54877353849,
    31601.54877353849,
    31435.49859074984,
    31332.743475062733,
    31332.743475062733,
    31282.583986295984,
    31197.690647313924,
    31197.690647313924,
    31197.690647313924,
    30837.790892339755,
    30837.790892339755,
    30837.790892339755,
    30247.386788074666,
    30247.386788074666,
    30116.679863548543,
    30116.679863548543,
    30116.679863548543,
    29985.182666748635,
    29985.182666748635,
    29636.00967176609,
    29636.00967176609,
    29636.00967176609,
    29636.00967176609,
    29267.13124303286,
    29267.13124303286,
    29191.55306659674,
    29060.05586979683,
    29060.05586979683,
    28839.23097821418,
    28573.80948215636,
    28573.80948215636,
    28474.63936350493,
    28474.63936350493,
    28474.63936350493,
    28173.930735932532,
    27820.61101666037,
    27820.61101666037,
    27809.307623482382,
    27638.73384388596,
    27638.73384388596,
    27638.73384388596,
    27275.562557106765,
    27275.562557106765,
    27275.562557106765,
    27275.562557106765,
    27275.562557106765,
    27050.425029954677,
    26891.868043721828,
    26845.359810125825,
    26844.034537144027,
    26757.77923770623,
    26757.77923770623,
    26716.479549749216,
    26716.479549749216,
    26716.479549749216,
    26547.57154906785,
    26547.57154906785,
    26529.687244107452,
    26529.687244107452,
    26118.46851037962,
    26118.46851037962,
    26118.46851037962,
    25906.61768010196,
    25906.61768010196,
    25906.61768010196,
    25906.61768010196,
    25733.515174570297,
    25587.89836907635,
    25587.89836907635,
    25587.89836907635,
    25587.89836907635,
    25587.89836907635,
    25587.89836907635,
    25587.89836907635,
    25478.77468040341,
    25318.214693998103,
    25318.214693998103,
    25318.214693998103,
    25311.38919460192,
    25307.136405285935,
    25134.913222707604,
    25134.913222707604,
    25041.705519523675,
    25041.705519523675,
    25033.230548146355,
    24945.761354181406,
    24945.761354181406,
    24945.761354181406,
    24756.56200693946,
    24756.56200693946,
    24756.56200693946,
    24489.999938223315,
    24485.792444217186,
    24485.792444217186,
    24485.792444217186,
    24449.41173172784,
    24449.41173172784,
    24194.397568895147,
    24082.843519838985,
    24082.843519838985,
    24082.843519838985,
    24082.843519838985,
    23828.866856107823,
    23828.866856107823,
    23828.866856107823,
    23828.866856107823,
    23828.866856107823,
    23828.866856107823,
    23652.54313332768,
    23652.54313332768,
    23652.54313332768,
    23652.54313332768,
    23652.54313332768,
    23652.54313332768,
    23438.108449621614,
    23438.108449621614,
    23438.108449621614,
    23438.108449621614,
    23438.108449621614,
    23438.108449621614,
    23389.551019534432,
    23301.085346519558,
    23301.085346519558,
    23301.085346519558,
    23301.085346519558,
    23301.085346519558,
    23228.131187021067,
    23228.131187021067,
    23228.131187021067,
    23192.895966790446,
    23129.794285559787,
    23129.794285559787,
    22975.47870200034,
    22975.47870200034,
    22975.47870200034,
    22975.47870200034,
    22975.47870200034,
    22975.47870200034,
    22975.47870200034,
    22975.47870200034,
    22930.857034580273
  ],
  "duration": 17.049036502838135
}