{
  "best_order": [
    70,
    82,
    19,
    42,
    31,
    41,
    32,
    52,
    65,
    101,
    53,
    73,
    92,
    33,
    98,
    57,
    67,
    54,
    55,
    5,
    18,
    96,
    78,
    9,
    58,
    45,
    49,
    64,
    17,
    83,
    46,
    20,
    23,
    28,
    43,
    100,
    2,
    80,
    8,
    37,
    88,
    84,
    93,
    29,
    35,
    72,
    68,
    3,
    71,
    56,
    21,
    81,
    85,
    62,
    66,
    26,
    59,
    34,
    1,
    27,
    11,
    25,
    7,
    12,
    89,
    86,
    40,
    77,
    13,
    47,
    16,
    91,
    99,
    51,
    63,
    94,
    24,
    39,
    69,
    76,
    97,
    22,
    15,
    30,
    36,
    44,
    38,
    79,
    50,
    4,
    95,
    10,
    74,
    90,
    48,
    60,
    61,
    14,
    87,
    75,
    6
  ],
  "best_score": 22692.601940692824,
  "best_info": {
    "total_distance": 22692.601940692824,
    "infeasible_count": 0,
    "routes": [
      {
        "route": [
          70,
          82,
          19,
          42,
          31,
          41,
          32,
          52,
          65,
          101,
          53,
          73,
          92,
          33,
          98,
          57,
          67,
          54,
          55,
          5,
          18,
          96,
          78,
          9,
          58,
          45,
          49,
          64
        ],
        "distance": 6869.9936847694735,
        "feasible": true,
        "boxes_total": 48,
        "boxes_packed": 48,
        "fill_rate": 0.11932130277777778
      },
      {
        "route": [
          17,
          83,
          46,
          20,
          23,
          28,
          43,
          100,
          2,
          80,
          8,
          37,
          88,
          84,
          93,
          29,
          35,
          72,
          68,
          3,
          71,
          56,
          21,
          81,
          85,
          62,
          66,
          26,
          59
        ],
        "distance": 5956.256280603796,
        "feasible": true,
        "boxes_total": 48,
        "boxes_packed": 48,
        "fill_rate": 0.34332951219135804
      },
      {
        "route": [
          34,
          1,
          27,
          11,
          25,
          7,
          12,
          89,
          86,
          40,
          77,
          13,
          47,
          16,
          91,
          99,
          51,
          63,
          94,
          24,
          39,
          69,
          76,
          97,
          22,
          15,
          30,
          36
        ],
        "distance": 6027.654935193625,
        "feasible": true,
        "boxes_total": 48,
        "boxes_packed": 48,
        "fill_rate": 0.1743602611111111
      },
      {
        "route": [
          44,
          38,
          79,
          50,
          4,
          95,
          10,
          74,
          90,
          48,
          60,
          61,
          14,
          87,
          75,
          6
        ],
        "distance": 3838.69704012593,
        "feasible": true,
        "boxes_total": 26,
        "boxes_packed": 26,
        "fill_rate": 0.1722151436728395
      }
    ]
  },
  "history": [
    50065.34283808919,
    49998.55266201523,
    46740.99230222124,
    45897.880957924004,
    45526.596404821175,
    45526.596404821175,
    45335.07037308178,
    44933.98354745252,
    43820.99278849251,
    43820.99278849251,
    43588.96080306542,
    43588.96080306542,
    41635.02435040324,
    41064.06119087802,
    41012.4748594539,
    41012.4748594539,
    40775.59185289459,
    40162.96745952108,
    40162.96745952108,
    39516.119771980055,
    38945.7138772813,
    38945.7138772813,
    38945.7138772813,
    38861.82253045235,
    38478.55861563646,
    38478.55861563646,
    38478.55861563646,
    37773.073160266584,
    37773.073160266584,
    37773.073160266584,
    37773.073160266584,
    37773.073160266584,
    36576.86534345042,
    35860.88561031149,
    35860.88561031149,
    35860.88561031149,
    35386.18780652419,
    34393.55615413431,
    34393.55615413431,
    34143.254803720345,
    34143.254803720345,
    34095.186451440946,
    34095.186451440946,
    33853.925745315595,
    33356.12527644894,
    33356.12527644894,
    32540.134052905483,
    32540.134052905483,
    32540.134052905483,
    32540.134052905483,
    32540.134052905483,
    32232.071811972768,
    32232.071811972768,
    32232.071811972768,
    32232.071811972768,
    30919.962696574352,
    30919.962696574352,
    30919.962696574352,
    30919.962696574352,
    30803.615403707823,
    30739.164944339573,
    30717.13626080379,
    30717.13626080379,
    30717.13626080379,
    30559.691625002106,
    30559.691625002106,
    30559.691625002106,
    30453.87693248944,
    29902.126932617575,
    29659.638268826275,
    29659.638268826275,
    29659.638268826275,
    29659.638268826275,
    29553.453280350055,
    29553.453280350055,
    29241.764878339258,
    29191.33073900378,
    29191.33073900378,
    29191.33073900378,
    29167.16988827454,
    29124.274640429896,
    29124.274640429896,
    28591.892089921315,
    28591.892089921315,
    28591.892089921315,
    28541.0478034763,
    28423.720394459207,
    28252.731759353253,
    28252.731759353253,
    28241.480367004475,
    27943.713524441024,
    27893.801691146196,
    27893.801691146196,
    27303.62343967463,
    27303.62343967463,
    27303.62343967463,
    27303.62343967463,
    27303.62343967463,
    27303.62343967463,
    27303.62343967463,
    27303.62343967463,
    26773.886529231313,
    26773.886529231313,
    26773.886529231313,
    26773.886529231313,
    26773.886529231313,
    26608.738954443128,
    26608.738954443128,
    26608.738954443128,
    26519.127348666698,
    26519.127348666698,
    26519.127348666698,
    26519.127348666698,
    26499.624018468872,
    26499.624018468872,
    26460.362572094826,
    26426.778465803938,
    26426.778465803938,
    26426.778465803938,
    26129.294051328983,
    26129.294051328983,
    25991.799225501767,
    25991.799225501767,
    25991.799225501767,
    25983.095162922742,
    25983.095162922742,
    25976.920916886855,
    25914.892318344268,
    25914.892318344268,
    25781.20969825171,
    25754.393568276733,
    25754.393568276733,
    25552.988544742784,
    25552.988544742784,
    25160.977177330027,
    25160.977177330027,
    25160.977177330027,
    25160.977177330027,
    25068.46926445191,
    25068.46926445191,
    25068.46926445191,
    25068.46926445191,
    24902.962420258824,
    24902.962420258824,
    24806.93691516822,
    24806.93691516822,
    24806.93691516822,
    24806.93691516822,
    24806.93691516822,
    24771.724077042512,
    24733.222582011404,
    24733.222582011404,
    24718.003876550145,
    24572.498668392876,
    24485.041104375392,
    24485.041104375392,
    24485.041104375392,
    24209.763523008318,
    24209.763523008318,
    24209.763523008318,
    24209.763523008318,
    23783.527217076495,
    23783.527217076495,
    23783.527217076495,
    23783.527217076495,
    23783.527217076495,
    23783.527217076495,
    23783.527217076495,
    23783.527217076495,
    23783.527217076495,
    23746.231032563053,
    23737.21283956756,
    23649.817868158887,
    23649.817868158887,
    23649.817868158887,
    23447.244728190766,
    23447.244728190766,
    23447.244728190766,
    23447.244728190766,
    23447.244728190766,
    23447.244728190766,
    23437.092270570196,
    23391.865605134124,
    23391.865605134124,
    23391.865605134124,
    23391.865605134124,
    23391.865605134124,
    23259.768740005733,
    23167.031207545835,
    23167.031207545835,
    23034.934342417437,
    23034.934342417437,
    23034.934342417437,
    23026.715067110646,
    22923.341873704536,
    22923.341873704536,
    22693.637829252722,
    22692.601940692824,
    22692.601940692824,
    22692.601940692824
  ],
  "duration": 48.598657846450806
}