{
  "best_order": [
    22,
    55,
    12,
    5,
    59,
    74,
    16,
    10,
    83,
    66,
    62,
    85,
    100,
    14,
    89,
    23,
    87,
    26,
    49,
    6,
    41,
    25,
    18,
    60,
    19,
    42,
    32,
    11,
    88,
    43,
    28,
    20,
    71,
    21,
    38,
    4,
    50,
    46,
    40,
    81,
    56,
    68,
    57,
    37,
    52,
    15,
    65,
    48,
    78,
    80,
    63,
    13,
    99,
    27,
    64,
    91,
    34,
    44,
    7,
    54,
    82,
    97,
    70,
    31,
    94,
    17,
    24,
    86,
    79,
    29,
    98,
    33,
    35,
    53,
    92,
    93,
    95,
    73,
    51,
    47,
    72,
    96,
    39,
    77,
    3,
    84,
    1,
    101,
    75,
    45,
    90,
    69,
    58,
    36,
    30,
    67,
    9,
    76,
    61,
    2,
    8
  ],
  "best_score": 23622.748860711934,
  "best_info": {
    "total_distance": 23622.748860711934,
    "infeasible_count": 0,
    "routes": [
      {
        "route": [
          22,
          55,
          12,
          5,
          59,
          74,
          16,
          10,
          83,
          66,
          62,
          85,
          100,
          14,
          89,
          23,
          87,
          26,
          49,
          6,
          41,
          25,
          18,
          60,
          19,
          42,
          32
        ],
        "distance": 7260.481288657986,
        "feasible": true,
        "boxes_total": 48,
        "boxes_packed": 48,
        "fill_rate": 0.23138999274691358
      },
      {
        "route": [
          11,
          88,
          43,
          28,
          20,
          71,
          21,
          38,
          4,
          50,
          46,
          40,
          81,
          56,
          68,
          57,
          37,
          52,
          15,
          65,
          48,
          78,
          80,
          63,
          13,
          99,
          27
        ],
        "distance": 5592.200913398109,
        "feasible": true,
        "boxes_total": 48,
        "boxes_packed": 48,
        "fill_rate": 0.2310273212962963
      },
      {
        "route": [
          64,
          91,
          34,
          44,
          7,
          54,
          82,
          97,
          70,
          31,
          94,
          17,
          24,
          86,
          79,
          29,
          98,
          33,
          35,
          53,
          92,
          93,
          95,
          73,
          51,
          47,
          72,
          96,
          39,
          77,
          3,
          84
        ],
        "distance": 7211.637372861873,
        "feasible": true,
        "boxes_total": 48,
        "boxes_packed": 48,
        "fill_rate": 0.2870254364197531
      },
      {
        "route": [
          1,
          101,
          75,
          45,
          90,
          69,
          58,
          36,
          30,
          67,
          9,
          76,
          61,
          2,
          8
        ],
        "distance": 3558.42928579397,
        "feasible": true,
        "boxes_total": 26,
        "boxes_packed": 26,
        "fill_rate": 0.05978346929012346
      }
    ]
  },
  "history": [
    49324.89455552426,
    48261.81213167107,
    48145.69852974283,
    46886.15948083131,
    46426.448832778304,
    45682.08282536402,
    44009.83817343,
    44009.83817343,
    43855.99447802901,
    43609.307045629605,
    43239.99101509188,
    43116.393116087194,
    41757.77482794994,
    40644.024662374635,
    40644.024662374635,
    40644.024662374635,
    40469.78631811693,
    40018.24026481433,
    40018.24026481433,
    37416.84950986188,
    37416.84950986188,
    37416.84950986188,
    37416.84950986188,
    37416.84950986188,
    37416.84950986188,
    36617.73553088654,
    36617.73553088654,
    36256.978615308246,
    36044.19421687756,
    36044.19421687756,
    36044.19421687756,
    35850.04209423665,
    35479.04072216792,
    35282.71924443158,
    35282.71924443158,
    35282.71924443158,
    34373.798371075856,
    34300.13149675654,
    34300.13149675654,
    34300.13149675654,
    34135.74385562677,
    34135.74385562677,
    33581.6521670757,
    33581.6521670757,
    33228.63546845919,
    33079.85639565911,
    33079.85639565911,
    32546.19924201112,
    32546.19924201112,
    32546.19924201112,
    32546.19924201112,
    32546.19924201112,
    32546.19924201112,
    32344.523328593885,
    32344.523328593885,
    32333.59859327847,
    32333.59859327847,
    32333.59859327847,
    32292.972329135457,
    31517.98342180787,
    31517.98342180787,
    31517.98342180787,
    31517.98342180787,
    31517.98342180787,
    31517.98342180787,
    31312.21956966428,
    31312.21956966428,
    31288.759484788472,
    31288.759484788472,
    31288.759484788472,
    31254.122689179796,
    30678.202453459442,
    30678.202453459442,
    30539.08483446666,
    30411.9756985346,
    30411.9756985346,
    30411.9756985346,
    30358.730191078164,
    30358.730191078164,
    30358.730191078164,
    30172.922949962307,
    30172.922949962307,
    29970.476582000436,
    29685.846138074725,
    29685.846138074725,
    29031.37352826125,
    29031.37352826125,
    29031.37352826125,
    29031.37352826125,
    28997.490850317132,
    28997.490850317132,
    28997.490850317132,
    28753.24992629913,
    28551.521225920107,
    28551.521225920107,
    28551.521225920107,
    28458.75859915815,
    28458.75859915815,
    28428.083021951556,
    28327.012258752453,
    28032.902749160516,
    27969.513293085918,
    27852.580471385107,
    27852.580471385107,
    27734.998050457914,
    27734.998050457914,
    27550.160596091224,
    27550.160596091224,
    27262.504382861865,
    27262.504382861865,
    27262.504382861865,
    27255.396061024665,
    27255.396061024665,
    27255.396061024665,
    27255.396061024665,
    27255.396061024665,
    27255.396061024665,
    26806.37340032228,
    26644.370723938016,
    26644.370723938016,
    26644.370723938016,
    26549.68995317869,
    26549.68995317869,
    26549.68995317869,
    26549.68995317869,
    26549.68995317869,
    26549.68995317869,
    26414.887965907146,
    26414.887965907146,
    26401.428208111094,
    26401.428208111094,
    26401.428208111094,
    25902.0429698464,
    25902.0429698464,
    25753.060407216493,
    25753.060407216493,
    25753.060407216493,
    25753.060407216493,
    25753.060407216493,
    25531.299036448116,
    25531.299036448116,
    25137.073600919786,
    25137.073600919786,
    25137.073600919786,
    25137.073600919786,
    25137.073600919786,
    25137.073600919786,
    25137.073600919786,
    25137.073600919786,
    24827.373087519496,
    24827.373087519496,
    24827.373087519496,
    24821.404786710053,
    24767.622871738422,
    24767.622871738422,
    24767.622871738422,
    24767.622871738422,
    24716.507187156676,
    24696.23821739242,
    24696.23821739242,
    24696.23821739242,
    24560.334280928473,
    24560.334280928473,
    24560.334280928473,
    24522.90010562556,
    24360.275018749206,
    24360.275018749206,
    24360.275018749206,
    24360.275018749206,
    24360.275018749206,
    24273.33011946945,
    24271.74177425581,
    24271.74177425581,
    24271.74177425581,
    24271.74177425581,
    24271.74177425581,
    24271.74177425581,
    24221.693349271634,
    24134.04152787832,
    24134.04152787832,
    24134.04152787832,
    24134.04152787832,
    24126.33305252227,
    24126.33305252227,
    24126.33305252227,
    24126.33305252227,
    24116.185149200082,
    23995.551671208977,
    23995.551671208977,
    23995.551671208977,
    23856.929471545223,
    23856.929471545223,
    23856.929471545223,
    23856.929471545223,
    23856.929471545223,
    23686.730620321778,
    23686.730620321778,
    23686.730620321778,
    23622.748860711934,
    23622.748860711934
  ],
  "duration": 45.9073646068573
}