{
  "best_order": [
    65,
    24,
    62,
    94,
    70,
    31,
    17,
    18,
    13,
    78,
    59,
    48,
    8,
    20,
    28,
    89,
    100,
    3,
    84,
    53,
    33,
    72,
    23,
    68,
    35,
    56,
    21,
    99,
    47,
    79,
    50,
    38,
    10,
    51,
    91,
    74,
    57,
    9,
    88,
    98,
    29,
    93,
    45,
    6,
    75,
    64,
    15,
    76,
    69,
    40,
    14,
    86,
    81,
    71,
    46,
    77,
    30,
    52,
    44,
    90,
    92,
    95,
    4,
    34,
    73,
    49,
    32,
    63,
    39,
    58,
    26,
    80,
    25,
    41,
    7,
    82,
    36,
    96,
    66,
    43,
    61,
    5,
    19,
    12,
    60,
    101,
    1,
    16,
    37,
    67,
    22,
    97,
    55,
    54,
    42,
    87,
    83,
    85,
    2,
    11,
    27
  ],
  "best_score": 22573.238938403327,
  "best_info": {
    "total_distance": 22573.238938403327,
    "infeasible_count": 0,
    "routes": [
      {
        "route": [
          65,
          24,
          62,
          94,
          70,
          31,
          17,
          18,
          13,
          78,
          59,
          48,
          8,
          20,
          28,
          89,
          100,
          3,
          84,
          53,
          33,
          72,
          23,
          68,
          35,
          56,
          21,
          99
        ],
        "distance": 6268.096681588769,
        "feasible": true,
        "boxes_total": 48,
        "boxes_packed": 48,
        "fill_rate": 0.2319430263888889
      },
      {
        "route": [
          47,
          79,
          50,
          38,
          10,
          51,
          91,
          74,
          57,
          9,
          88,
          98,
          29,
          93,
          45,
          6,
          75,
          64,
          15,
          76,
          69,
          40,
          14,
          86,
          81,
          71,
          46,
          77,
          30,
          52
        ],
        "distance": 6398.386704075846,
        "feasible": true,
        "boxes_total": 48,
        "boxes_packed": 48,
        "fill_rate": 0.3427194041666667
      },
      {
        "route": [
          44,
          90,
          92,
          95,
          4,
          34,
          73,
          49,
          32,
          63,
          39,
          58,
          26,
          80,
          25,
          41,
          7,
          82,
          36,
          96,
          66,
          43,
          61,
          5,
          19,
          12,
          60,
          101
        ],
        "distance": 6755.082877775849,
        "feasible": true,
        "boxes_total": 48,
        "boxes_packed": 48,
        "fill_rate": 0.23088649058641975
      },
      {
        "route": [
          1,
          16,
          37,
          67,
          22,
          97,
          55,
          54,
          42,
          87,
          83,
          85,
          2,
          11,
          27
        ],
        "distance": 3151.672674962862,
        "feasible": true,
        "boxes_total": 26,
        "boxes_packed": 26,
        "fill_rate": 0.0036772986111111112
      }
    ]
  },
  "history": [
    49828.16230591168,
    49578.0736764382,
    49432.97767347286,
    47377.48966827083,
    47377.48966827083,
    47377.48966827083,
    46559.23863715863,
    46559.23863715863,
    46465.93250314594,
    44662.924380153454,
    43357.954897863165,
    43357.954897863165,
    43357.954897863165,
    43073.43525579409,
    43073.43525579409,
    43067.6873967432,
    42200.878017669216,
    42200.878017669216,
    41215.012112595025,
    41215.012112595025,
    40631.33807259239,
    40233.15753465284,
    40233.15753465284,
    39781.48328102556,
    39781.48328102556,
    39781.48328102556,
    38934.39826808829,
    38485.70224117488,
    38485.70224117488,
    37884.43727357872,
    37755.59101089893,
    37508.21188230272,
    37331.01456803469,
    36605.9529335224,
    36565.532479834044,
    36233.66776369374,
    35907.53619191393,
    35420.98465073869,
    35420.98465073869,
    35297.15081021434,
    35162.5197644901,
    34310.63957243164,
    34310.63957243164,
    34099.73326607577,
    34099.73326607577,
    33127.231092685564,
    33127.231092685564,
    33127.231092685564,
    33127.231092685564,
    33127.231092685564,
    32525.838925279968,
    32525.838925279968,
    32525.838925279968,
    32040.230940532925,
    31746.438785693223,
    31362.91683675686,
    31362.91683675686,
    31035.249726796137,
    30918.7395435422,
    30633.75732458847,
    30633.75732458847,
    30633.75732458847,
    30417.536080109756,
    30368.898809073275,
    30368.898809073275,
    29555.28977158263,
    29555.28977158263,
    29555.28977158263,
    29555.28977158263,
    28948.787543437134,
    28948.787543437134,
    28948.787543437134,
    28948.787543437134,
    28794.75132011633,
    28794.75132011633,
    28385.151961737283,
    28385.151961737283,
    28385.151961737283,
    28385.151961737283,
    28366.689034538776,
    28366.689034538776,
    28328.54460726878,
    28328.54460726878,
    28230.35220704992,
    28230.35220704992,
    28202.288182580643,
    28202.288182580643,
    28065.281611890263,
    27809.468172304314,
    27809.468172304314,
    27809.468172304314,
    27667.095667345013,
    27620.899051448796,
    27620.899051448796,
    27620.899051448796,
    27620.899051448796,
    27620.899051448796,
    27620.899051448796,
    27606.065651121953,
    27246.534882267442,
    27213.80143427659,
    27213.80143427659,
    27213.80143427659,
    27213.80143427659,
    27213.80143427659,
    27213.80143427659,
    27198.96803394975,
    27198.96803394975,
    27198.96803394975,
    27198.96803394975,
    27177.197765036377,
    27177.197765036377,
    27109.917210564483,
    26969.69379937127,
    26545.602981772747,
    26545.602981772747,
    26545.602981772747,
    26545.602981772747,
    26545.602981772747,
    26545.602981772747,
    26522.835211993068,
    26420.468428113287,
    26420.468428113287,
    25995.27318322915,
    25995.27318322915,
    25995.27318322915,
    25995.27318322915,
    25995.27318322915,
    25995.27318322915,
    25808.53610698477,
    25771.40450510585,
    25619.948764434004,
    25619.948764434004,
    25619.948764434004,
    25619.948764434004,
    25524.660803637475,
    25524.660803637475,
    25453.530714253655,
    25453.530714253655,
    25336.071322648553,
    25336.071322648553,
    24981.981687511325,
    24981.981687511325,
    24981.981687511325,
    24981.981687511325,
    24981.981687511325,
    24919.660040811206,
    24919.660040811206,
    24919.660040811206,
    24644.583536820945,
    24455.097671920827,
    24455.097671920827,
    24455.097671920827,
    24117.699521230446,
    23814.467827919598,
    23708.943958930657,
    23708.943958930657,
    23708.943958930657,
    23708.943958930657,
    23405.71226561981,
    23405.71226561981,
    23405.71226561981,
    23405.71226561981,
    23381.802741675805,
    23381.802741675805,
    23126.50575540319,
    23126.50575540319,
    23126.50575540319,
    23126.50575540319,
    23126.50575540319,
    23121.140962186895,
    23059.88753979983,
    23059.88753979983,
    22959.501792223044,
    22959.501792223044,
    22959.501792223044,
    22959.501792223044,
    22959.501792223044,
    22959.501792223044,
    22929.263805206476,
    22908.760231919747,
    22908.760231919747,
    22908.760231919747,
    22907.091953527437,
    22907.091953527437,
    22907.091953527437,
    22907.091953527437,
    22718.09202410063,
    22718.09202410063,
    22718.09202410063,
    22718.09202410063,
    22718.09202410063,
    22718.09202410063,
    22713.217267213786,
    22713.217267213786,
    22713.217267213786,
    22573.238938403327,
    22573.238938403327,
    22573.238938403327,
    22573.238938403327
  ],
  "duration": 57.49322319030762
}