{
  "best_order": [
    15,
    75,
    52,
    65,
    30,
    59,
    67,
    20,
    43,
    71,
    79,
    50,
    98,
    68,
    83,
    5,
    12,
    66,
    21,
    56,
    23,
    14,
    17,
    69,
    61,
    81,
    85,
    96,
    37,
    33,
    28,
    89,
    86,
    93,
    29,
    99,
    34,
    73,
    4,
    84,
    72,
    9,
    74,
    16,
    64,
    45,
    91,
    44,
    101,
    25,
    76,
    58,
    26,
    97,
    55,
    94,
    48,
    13,
    11,
    90,
    88,
    77,
    40,
    100,
    95,
    38,
    92,
    53,
    2,
    87,
    62,
    42,
    60,
    19,
    70,
    63,
    3,
    57,
    35,
    10,
    47,
    36,
    41,
    7,
    18,
    32,
    27,
    51,
    1,
    6,
    49,
    78,
    8,
    39,
    24,
    46,
    80,
    31,
    54,
    82,
    22
  ],
  "best_score": 24812.733853617567,
  "best_info": {
    "total_distance": 24812.733853617567,
    "infeasible_count": 0,
    "routes": [
      {
        "route": [
          15,
          75,
          52,
          65,
          30,
          59,
          67,
          20,
          43,
          71,
          79,
          50,
          98,
          68,
          83,
          5,
          12,
          66,
          21,
          56,
          23,
          14,
          17,
          69,
          61,
          81,
          85,
          96
        ],
        "distance": 6922.13990351919,
        "feasible": true,
        "boxes_total": 48,
        "boxes_packed": 48,
        "fill_rate": 0.2318027587962963
      },
      {
        "route": [
          37,
          33,
          28,
          89,
          86,
          93,
          29,
          99,
          34,
          73,
          4,
          84,
          72,
          9,
          74,
          16,
          64,
          45,
          91,
          44,
          101,
          25,
          76,
          58,
          26,
          97,
          55,
          94,
          48,
          13
        ],
        "distance": 8256.88170342191,
        "feasible": true,
        "boxes_total": 47,
        "boxes_packed": 47,
        "fill_rate": 0.2870653541666667
      },
      {
        "route": [
          11,
          90,
          88,
          77,
          40,
          100,
          95,
          38,
          92,
          53,
          2,
          87,
          62,
          42,
          60,
          19,
          70,
          63,
          3,
          57,
          35,
          10,
          47,
          36,
          41,
          7,
          18,
          32
        ],
        "distance": 5927.200235616101,
        "feasible": true,
        "boxes_total": 48,
        "boxes_packed": 48,
        "fill_rate": 0.2869599824074074
      },
      {
        "route": [
          27,
          51,
          1,
          6,
          49,
          78,
          8,
          39,
          24,
          46,
          80,
          31,
          54,
          82,
          22
        ],
        "distance": 3706.5120110603684,
        "feasible": true,
        "boxes_total": 27,
        "boxes_packed": 27,
        "fill_rate": 0.0033981243827160496
      }
    ]
  },
  "history": [
    50580.02638903307,
    47013.266327722595,
    47013.266327722595,
    45412.33990427152,
    45412.33990427152,
    44619.98464887052,
    44519.095180791,
    43662.33348870428,
    43233.875072523035,
    43233.875072523035,
    42912.82775234037,
    42468.93680250744,
    42185.07668159,
    41435.4081674363,
    41248.0490479393,
    41243.8749912137,
    40942.61993577947,
    40517.166714788975,
    39977.890715563226,
    39195.14876149376,
    39195.14876149376,
    38864.599196767354,
    37931.81696382743,
    37931.81696382743,
    37931.81696382743,
    37931.81696382743,
    37924.62992329486,
    37403.22755953692,
    36199.78576383503,
    36199.78576383503,
    35344.36690100795,
    35344.36690100795,
    34938.75812427799,
    34938.75812427799,
    34938.75812427799,
    34938.75812427799,
    34938.75812427799,
    34938.75812427799,
    34694.39647612366,
    34694.39647612366,
    34694.39647612366,
    34159.1562399674,
    34159.1562399674,
    32900.223171429214,
    32900.223171429214,
    32553.228661381392,
    32553.228661381392,
    32342.435950588442,
    32342.435950588442,
    32342.435950588442,
    32342.435950588442,
    32342.435950588442,
    32280.6732454616,
    31780.502966450316,
    31780.502966450316,
    31714.482880260613,
    31714.482880260613,
    30969.557635052493,
    30969.557635052493,
    30856.67923115762,
    30856.67923115762,
    30605.626138263986,
    30544.157186193588,
    30544.157186193588,
    30111.7946022095,
    30111.7946022095,
    30111.7946022095,
    29832.65736124653,
    29832.65736124653,
    29832.65736124653,
    29832.65736124653,
    29803.286972889568,
    29779.549390293025,
    29698.967036485643,
    29698.967036485643,
    29698.967036485643,
    29642.614033205653,
    29506.85518036568,
    29484.95482003849,
    29484.95482003849,
    29479.882140904105,
    29477.48479200872,
    29284.73702221334,
    29227.351299307084,
    29227.351299307084,
    29227.351299307084,
    29144.513159217997,
    29144.513159217997,
    29020.172863381868,
    29020.172863381868,
    29020.172863381868,
    29010.158791219008,
    29010.158791219008,
    29010.158791219008,
    28707.42955900848,
    28707.42955900848,
    28647.335216022893,
    28395.06242515998,
    28395.06242515998,
    28395.06242515998,
    28395.06242515998,
    28366.122392504956,
    27971.41123041321,
    27971.41123041321,
    27971.41123041321,
    27971.41123041321,
    27971.41123041321,
    27971.41123041321,
    27863.013972034834,
    27863.013972034834,
    27681.742993123422,
    27647.334691331776,
    27620.258918133448,
    27620.258918133448,
    27620.258918133448,
    27326.67549107519,
    27326.67549107519,
    27326.67549107519,
    27326.67549107519,
    27277.41946123994,
    27277.41946123994,
    27277.41946123994,
    27277.41946123994,
    27192.28887480851,
    27192.28887480851,
    27192.28887480851,
    27192.28887480851,
    27116.68484988788,
    27116.68484988788,
    26990.79098584573,
    26990.79098584573,
    26914.72453251885,
    26914.72453251885,
    26914.72453251885,
    26914.72453251885,
    26914.72453251885,
    26838.21112968325,
    26824.462142741308,
    26824.462142741308,
    26568.68335215788,
    26568.68335215788,
    26568.68335215788,
    26568.68335215788,
    26568.68335215788,
    26407.837724347053,
    26407.837724347053,
    26407.837724347053,
    26407.837724347053,
    26333.618699181206,
    26333.618699181206,
    26333.618699181206,
    26333.618699181206,
    26333.618699181206,
    26333.618699181206,
    26194.125114260907,
    26194.125114260907,
    26194.125114260907,
    26194.125114260907,
    26185.761948065585,
    26021.720195393602,
    26021.720195393602,
    26021.720195393602,
    25866.017207413643,
    25866.017207413643,
    25866.017207413643,
    25866.017207413643,
    25866.017207413643,
    25843.885538167822,
    25843.885538167822,
    25843.885538167822,
    25720.647970320373,
    25720.647970320373,
    25716.340799625163,
    25716.340799625163,
    25716.340799625163,
    25685.019551810474,
    25685.019551810474,
    25685.019551810474,
    25614.70265841442,
    25614.70265841442,
    25498.085378727417,
    25301.731907783775,
    25301.731907783775,
    25301.731907783775,
    25301.731907783775,
    25281.79519784051,
    25281.79519784051,
    25281.79519784051,
    25281.79519784051,
    25281.79519784051,
    25157.473603763035,
    24937.055447695042,
    24937.055447695042,
    24937.055447695042,
    24937.055447695042,
    24812.733853617567,
    24812.733853617567,
    24812.733853617567,
    24812.733853617567,
    24812.733853617567
  ],
  "duration": 41.92916965484619
}