{
  "best_order": [
    101,
    30,
    42,
    19,
    54,
    97,
    83,
    89,
    43,
    86,
    46,
    20,
    28,
    14,
    61,
    2,
    24,
    18,
    65,
    69,
    94,
    31,
    62,
    12,
    80,
    26,
    57,
    91,
    96,
    77,
    71,
    3,
    67,
    99,
    33,
    38,
    21,
    56,
    23,
    100,
    87,
    66,
    81,
    85,
    40,
    84,
    53,
    68,
    72,
    88,
    9,
    98,
    29,
    4,
    95,
    8,
    39,
    70,
    59,
    22,
    25,
    55,
    82,
    5,
    60,
    17,
    76,
    58,
    44,
    90,
    35,
    51,
    11,
    75,
    64,
    27,
    36,
    32,
    52,
    48,
    13,
    15,
    6,
    49,
    45,
    34,
    47,
    16,
    37,
    78,
    63,
    74,
    10,
    92,
    79,
    93,
    50,
    73,
    41,
    7,
    1
  ],
  "best_score": 22942.455281572176,
  "best_info": {
    "total_distance": 22942.455281572176,
    "infeasible_count": 0,
    "routes": [
      {
        "route": [
          101,
          30,
          42,
          19,
          54,
          97,
          83,
          89,
          43,
          86,
          46,
          20,
          28,
          14,
          61,
          2,
          24,
          18,
          65,
          69,
          94,
          31,
          62,
          12,
          80,
          26,
          57,
          91
        ],
        "distance": 7088.998982765252,
        "feasible": true,
        "boxes_total": 48,
        "boxes_packed": 48,
        "fill_rate": 0.11928690648148148
      },
      {
        "route": [
          96,
          77,
          71,
          3,
          67,
          99,
          33,
          38,
          21,
          56,
          23,
          100,
          87,
          66,
          81,
          85,
          40,
          84,
          53,
          68,
          72,
          88,
          9,
          98,
          29,
          4,
          95,
          8,
          39,
          70,
          59
        ],
        "distance": 6987.905054484254,
        "feasible": true,
        "boxes_total": 48,
        "boxes_packed": 48,
        "fill_rate": 0.23169131296296297
      },
      {
        "route": [
          22,
          25,
          55,
          82,
          5,
          60,
          17,
          76,
          58,
          44,
          90,
          35,
          51,
          11,
          75,
          64,
          27,
          36,
          32,
          52,
          48,
          13,
          15,
          6,
          49,
          45
        ],
        "distance": 5446.113989776515,
        "feasible": true,
        "boxes_total": 48,
        "boxes_packed": 48,
        "fill_rate": 0.2868116200617284
      },
      {
        "route": [
          34,
          47,
          16,
          37,
          78,
          63,
          74,
          10,
          92,
          79,
          93,
          50,
          73,
          41,
          7,
          1
        ],
        "distance": 3419.4372545461542,
        "feasible": true,
        "boxes_total": 26,
        "boxes_packed": 26,
        "fill_rate": 0.17143638024691357
      }
    ]
  },
  "history": [
    49041.89272902862,
    49041.89272902862,
    47627.55314731389,
    46649.71828582579,
    46604.28358175919,
    46357.06844780348,
    45634.57764123522,
    43440.722924804504,
    43440.722924804504,
    43404.73820447664,
    42786.40162817429,
    42592.623023358596,
    41936.45970555545,
    41936.45970555545,
    41936.45970555545,
    40501.00979010457,
    40501.00979010457,
    38968.98399791698,
    38968.98399791698,
    38968.98399791698,
    38968.98399791698,
    38968.98399791698,
    37821.53721301089,
    37821.53721301089,
    37421.60916972637,
    37421.60916972637,
    37135.779744378946,
    37066.34657430308,
    36469.774649931336,
    36324.93283294221,
    36324.93283294221,
    36324.93283294221,
    36223.51062398985,
    35797.3953932907,
    35601.897728829514,
    35601.897728829514,
    34520.68875793975,
    34520.68875793975,
    34520.68875793975,
    34484.32004916619,
    34395.96369241889,
    34245.93002012523,
    34210.12946731721,
    34210.12946731721,
    33969.59577050616,
    33870.83067155213,
    33706.80270397806,
    33706.80270397806,
    33504.56911248197,
    33362.45198318808,
    33030.92465461286,
    33030.92465461286,
    32983.69903108706,
    32983.69903108706,
    32560.116806906757,
    32560.116806906757,
    32560.116806906757,
    32490.02463396269,
    32490.02463396269,
    32154.525025760602,
    31300.579667257367,
    31300.579667257367,
    31300.579667257367,
    31300.579667257367,
    31155.907786100695,
    30770.511706060428,
    30770.511706060428,
    30671.853394227324,
    30671.853394227324,
    30671.853394227324,
    30671.853394227324,
    30273.42755721758,
    29944.58135758548,
    29944.58135758548,
    29759.97473571369,
    29759.97473571369,
    29460.654442746338,
    29300.313492117573,
    29300.313492117573,
    29300.313492117573,
    29202.86404773694,
    29202.86404773694,
    29202.86404773694,
    29202.86404773694,
    29202.86404773694,
    29037.48021793109,
    29037.48021793109,
    28861.292217542217,
    28861.292217542217,
    28861.292217542217,
    28861.292217542217,
    28749.13157096419,
    28602.27911430622,
    28602.27911430622,
    28393.489914862013,
    28209.879692745697,
    28209.879692745697,
    28209.879692745697,
    28209.879692745697,
    28209.879692745697,
    28209.879692745697,
    28109.972012385904,
    27929.977928521486,
    27929.977928521486,
    27929.977928521486,
    27929.977928521486,
    27830.65464836917,
    27830.65464836917,
    27830.65464836917,
    27752.455912695266,
    27752.455912695266,
    27752.455912695266,
    27565.802786082768,
    27439.94984252228,
    27438.74507544012,
    27281.195933069037,
    27281.195933069037,
    27281.195933069037,
    27281.195933069037,
    27180.647743617625,
    27180.647743617625,
    27180.647743617625,
    27180.647743617625,
    26534.765332414536,
    26534.765332414536,
    26534.765332414536,
    26534.765332414536,
    26534.765332414536,
    26218.649835022374,
    26218.649835022374,
    26218.649835022374,
    26218.649835022374,
    26218.649835022374,
    26218.649835022374,
    26186.88753846762,
    26151.676051775674,
    26043.552046599736,
    25885.955307857188,
    25837.094407153316,
    25837.094407153316,
    25634.969706610984,
    25634.969706610984,
    25517.462183291555,
    25219.70030371066,
    25219.70030371066,
    25219.70030371066,
    25194.975375177066,
    25194.975375177066,
    25081.970207028397,
    24255.849518803043,
    24255.849518803043,
    24255.849518803043,
    24185.7954622681,
    24154.20191295089,
    24015.653043751765,
    24015.653043751765,
    24015.653043751765,
    24015.653043751765,
    23981.24847477587,
    23981.24847477587,
    23862.17936586553,
    23862.17936586553,
    23862.17936586553,
    23862.17936586553,
    23862.17936586553,
    23862.17936586553,
    23862.17936586553,
    23862.17936586553,
    23862.17936586553,
    23862.17936586553,
    23862.17936586553,
    23850.898651102954,
    23846.84607312395,
    23734.96213037048,
    23732.036184241628,
    23732.036184241628,
    23732.036184241628,
    23681.04460536861,
    23624.186100540675,
    23624.186100540675,
    23624.186100540675,
    23624.186100540675,
    23587.569719565545,
    23506.45110433844,
    23357.26376430423,
    23357.26376430423,
    23357.26376430423,
    23220.207096154274,
    23220.207096154274,
    23027.980157577655,
    23027.980157577655,
    23027.980157577655,
    23027.980157577655,
    23027.980157577655,
    23027.980157577655,
    23027.980157577655,
    23027.980157577655,
    23027.980157577655,
    22954.354268240884,
    22942.455281572176
  ],
  "duration": 54.8132963180542
}