{
  "best_order": [
    57,
    58,
    82,
    55,
    53,
    72,
    68,
    21,
    28,
    43,
    89,
    86,
    56,
    77,
    3,
    46,
    40,
    48,
    32,
    7,
    80,
    59,
    44,
    51,
    34,
    64,
    75,
    15,
    65,
    1,
    99,
    74,
    98,
    93,
    50,
    38,
    79,
    95,
    81,
    85,
    14,
    76,
    69,
    87,
    62,
    94,
    78,
    71,
    20,
    100,
    24,
    8,
    22,
    41,
    25,
    36,
    30,
    11,
    47,
    90,
    63,
    88,
    35,
    9,
    2,
    96,
    84,
    91,
    10,
    16,
    67,
    49,
    6,
    45,
    97,
    70,
    18,
    42,
    60,
    17,
    66,
    61,
    19,
    54,
    52,
    101,
    27,
    37,
    33,
    13,
    26,
    39,
    31,
    12,
    5,
    83,
    23,
    29,
    4,
    92,
    73
  ],
  "best_score": 23782.910810055637,
  "best_info": {
    "total_distance": 23782.910810055637,
    "infeasible_count": 0,
    "routes": [
      {
        "route": [
          57,
          58,
          82,
          55,
          53,
          72,
          68,
          21,
          28,
          43,
          89,
          86,
          56,
          77,
          3,
          46,
          40,
          48,
          32,
          7,
          80,
          59,
          44,
          51,
          34,
          64,
          75
        ],
        "distance": 6900.3484774104445,
        "feasible": true,
        "boxes_total": 47,
        "boxes_packed": 47,
        "fill_rate": 0.231181725
      },
      {
        "route": [
          15,
          65,
          1,
          99,
          74,
          98,
          93,
          50,
          38,
          79,
          95,
          81,
          85,
          14,
          76,
          69,
          87,
          62,
          94,
          78,
          71,
          20,
          100,
          24,
          8,
          22,
          41,
          25,
          36,
          30,
          11
        ],
        "distance": 6030.12133462931,
        "feasible": true,
        "boxes_total": 48,
        "boxes_packed": 48,
        "fill_rate": 0.11853307623456791
      },
      {
        "route": [
          47,
          90,
          63,
          88,
          35,
          9,
          2,
          96,
          84,
          91,
          10,
          16,
          67,
          49,
          6,
          45,
          97,
          70,
          18,
          42,
          60,
          17,
          66,
          61,
          19,
          54,
          52,
          101
        ],
        "distance": 6821.44352683344,
        "feasible": true,
        "boxes_total": 48,
        "boxes_packed": 48,
        "fill_rate": 0.34359218040123457
      },
      {
        "route": [
          27,
          37,
          33,
          13,
          26,
          39,
          31,
          12,
          5,
          83,
          23,
          29,
          4,
          92,
          73
        ],
        "distance": 4030.9974711824425,
        "feasible": true,
        "boxes_total": 27,
        "boxes_packed": 27,
        "fill_rate": 0.11591923811728395
      }
    ]
  },
  "history": [
    50326.79989892858,
    48922.27831374436,
    48922.27831374436,
    46006.29549458617,
    46006.29549458617,
    45522.97231383858,
    45522.97231383858,
    44558.644393811956,
    44017.00392695573,
    43543.11783952107,
    43543.11783952107,
    42546.620183968436,
    42225.349781788675,
    41931.257820586354,
    41931.257820586354,
    40373.43450230112,
    40373.43450230112,
    40287.98445918566,
    39750.65541719592,
    39282.90417000328,
    39282.90417000328,
    39015.940509998734,
    39015.940509998734,
    37662.62092466837,
    37662.62092466837,
    37035.54107154182,
    37035.54107154182,
    37035.54107154182,
    36530.987802718475,
    36441.18339328359,
    36441.18339328359,
    35222.3969243699,
    35222.3969243699,
    35222.3969243699,
    34953.16559302236,
    34515.91769877347,
    34515.91769877347,
    34268.0255456933,
    34268.0255456933,
    34141.79610067219,
    34027.583535421756,
    33729.58030297929,
    33729.58030297929,
    32757.368707643775,
    32757.368707643775,
    32757.368707643775,
    32467.91140211377,
    32467.91140211377,
    32467.91140211377,
    31668.31095631294,
    31299.48376855124,
    31299.48376855124,
    31299.48376855124,
    31299.48376855124,
    31030.767555152062,
    31030.767555152062,
    30740.18916102883,
    30740.18916102883,
    30740.18916102883,
    30740.18916102883,
    30291.213499410736,
    30223.353828187424,
    30223.353828187424,
    30118.263888001853,
    30019.798989145344,
    29983.94826082966,
    29983.94826082966,
    29821.28682965457,
    29821.28682965457,
    29821.28682965457,
    29821.28682965457,
    29821.28682965457,
    29821.28682965457,
    29697.769376834432,
    29697.769376834432,
    29697.769376834432,
    29659.003656345463,
    29659.003656345463,
    29659.003656345463,
    29659.003656345463,
    29544.135169651734,
    29544.135169651734,
    29544.135169651734,
    29213.06851697145,
    29213.06851697145,
    29213.06851697145,
    29213.06851697145,
    29213.06851697145,
    29213.06851697145,
    29109.964786629876,
    29096.289910703214,
    28762.512798005955,
    28762.512798005955,
    28724.92140572072,
    28724.92140572072,
    28713.982414702106,
    28562.555380588754,
    28540.449019625954,
    28487.480432478635,
    28399.04386693273,
    27664.34957319916,
    27664.34957319916,
    27664.34957319916,
    27664.34957319916,
    27664.34957319916,
    27664.34957319916,
    27664.34957319916,
    27508.821900881667,
    27508.821900881667,
    27508.821900881667,
    27499.702352838478,
    27499.702352838478,
    27499.702352838478,
    27246.893670474878,
    27246.893670474878,
    27246.893670474878,
    27246.893670474878,
    27246.893670474878,
    27246.893670474878,
    27235.30446305271,
    27151.45286389261,
    27089.089370340727,
    27089.089370340727,
    27049.81858792569,
    27021.023926173584,
    27021.023926173584,
    27021.023926173584,
    26363.958052601083,
    26363.958052601083,
    26363.958052601083,
    26337.889713129698,
    26337.889713129698,
    26278.7515685151,
    26278.7515685151,
    26278.7515685151,
    26278.7515685151,
    26278.7515685151,
    26024.349156257285,
    26024.349156257285,
    26024.349156257285,
    26024.349156257285,
    26024.349156257285,
    26024.349156257285,
    25900.250157680664,
    25900.250157680664,
    25861.306318991694,
    25861.306318991694,
    25735.023637770544,
    25735.023637770544,
    25735.023637770544,
    25735.023637770544,
    25665.77059807566,
    25665.77059807566,
    25665.77059807566,
    25665.77059807566,
    25664.12004695264,
    25664.12004695264,
    25591.015540905384,
    25591.015540905384,
    25591.015540905384,
    25591.015540905384,
    25591.015540905384,
    25415.412707918902,
    25415.412707918902,
    25415.412707918902,
    24963.760869180438,
    24785.6338806316,
    24785.6338806316,
    24785.6338806316,
    24589.49995822017,
    24589.49995822017,
    24288.77579667732,
    24288.77579667732,
    24288.77579667732,
    24288.77579667732,
    24288.77579667732,
    24288.77579667732,
    24288.77579667732,
    24288.77579667732,
    24288.77579667732,
    24216.450964196963,
    24216.450964196963,
    24212.23084103656,
    24212.23084103656,
    24212.23084103656,
    24212.23084103656,
    24212.23084103656,
    24212.23084103656,
    24212.23084103656,
    24178.7908620345,
    24076.248416848157,
    24076.248416848157,
    24076.248416848157,
    24023.68223147477,
    24002.72130151042,
    23906.283480242862,
    23906.283480242862,
    23906.283480242862,
    23865.63469661495,
    23782.910810055637
  ],
  "duration": 42.57812809944153
}