{
  "best_order": [
    27,
    47,
    10,
    16,
    75,
    64,
    18,
    31,
    46,
    66,
    14,
    62,
    12,
    19,
    5,
    61,
    83,
    24,
    69,
    26,
    25,
    7,
    22,
    30,
    52,
    8,
    96,
    77,
    85,
    81,
    20,
    40,
    87,
    17,
    54,
    55,
    82,
    32,
    44,
    63,
    71,
    28,
    56,
    21,
    86,
    89,
    39,
    80,
    78,
    36,
    97,
    41,
    76,
    57,
    34,
    6,
    45,
    92,
    95,
    38,
    98,
    53,
    51,
    99,
    11,
    91,
    73,
    35,
    72,
    74,
    90,
    67,
    88,
    33,
    93,
    29,
    50,
    4,
    79,
    23,
    43,
    100,
    3,
    2,
    58,
    48,
    59,
    84,
    9,
    68,
    37,
    13,
    101,
    15,
    65,
    94,
    42,
    60,
    70,
    49,
    1
  ],
  "best_score": 21989.702469715055,
  "best_info": {
    "total_distance": 21989.702469715055,
    "infeasible_count": 0,
    "routes": [
      {
        "route": [
          27,
          47,
          10,
          16,
          75,
          64,
          18,
          31,
          46,
          66,
          14,
          62,
          12,
          19,
          5,
          61,
          83,
          24,
          69,
          26,
          25,
          7,
          22,
          30,
          52
        ],
        "distance": 4878.169363432254,
        "feasible": true,
        "boxes_total": 48,
        "boxes_packed": 48,
        "fill_rate": 0.23109378333333333
      },
      {
        "route": [
          8,
          96,
          77,
          85,
          81,
          20,
          40,
          87,
          17,
          54,
          55,
          82,
          32,
          44,
          63,
          71,
          28,
          56,
          21,
          86,
          89,
          39,
          80,
          78,
          36,
          97,
          41,
          76,
          57,
          34
        ],
        "distance": 7308.941063377497,
        "feasible": true,
        "boxes_total": 47,
        "boxes_packed": 47,
        "fill_rate": 0.28655557962962963
      },
      {
        "route": [
          6,
          45,
          92,
          95,
          38,
          98,
          53,
          51,
          99,
          11,
          91,
          73,
          35,
          72,
          74,
          90,
          67,
          88,
          33,
          93,
          29,
          50,
          4,
          79,
          23,
          43,
          100,
          3,
          2,
          58
        ],
        "distance": 5986.220433465272,
        "feasible": true,
        "boxes_total": 47,
        "boxes_packed": 47,
        "fill_rate": 0.17496235
      },
      {
        "route": [
          48,
          59,
          84,
          9,
          68,
          37,
          13,
          101,
          15,
          65,
          94,
          42,
          60,
          70,
          49,
          1
        ],
        "distance": 3816.3716094400284,
        "feasible": true,
        "boxes_total": 28,
        "boxes_packed": 28,
        "fill_rate": 0.11661450679012346
      }
    ]
  },
  "history": [
    50096.67162920057,
    50061.55781928418,
    48123.0570229956,
    47454.41076322248,
    47036.01011591968,
    45314.9671823541,
    44162.65782639026,
    44055.44751826065,
    43462.30816490826,
    43462.30816490826,
    43062.01580775468,
    42873.60172885949,
    42762.07565331632,
    42762.07565331632,
    41617.038576839805,
    41233.11752535177,
    40889.08271689315,
    40836.15870320338,
    40781.34291530892,
    40259.07958254888,
    39808.31720111541,
    39015.52784471317,
    39015.52784471317,
    39015.52784471317,
    38517.086550092135,
    38137.19017382842,
    37833.65538904758,
    37366.25945687338,
    37211.507915931084,
    37211.507915931084,
    36583.67953564975,
    36138.21648692573,
    36138.21648692573,
    35450.037896385424,
    35450.037896385424,
    35450.037896385424,
    35450.037896385424,
    34771.276618848024,
    34332.45104847245,
    34332.45104847245,
    34332.45104847245,
    33505.41234426954,
    33505.41234426954,
    33505.41234426954,
    33505.41234426954,
    33441.33921103926,
    33248.52085043487,
    33004.72436009731,
    32251.600781193796,
    32205.68629295278,
    31849.20756352159,
    31138.06687061146,
    31138.06687061146,
    31138.06687061146,
    31138.06687061146,
    31138.06687061146,
    31138.06687061146,
    31138.06687061146,
    31138.06687061146,
    31138.06687061146,
    30737.43438949494,
    30737.43438949494,
    30661.25781066762,
    30661.25781066762,
    30590.093837284865,
    30299.580147502886,
    30299.580147502886,
    30299.580147502886,
    29924.609505810626,
    29924.609505810626,
    29602.154565168137,
    29046.45388264337,
    29044.387719435894,
    28999.22742412528,
    28566.85993798043,
    28566.85993798043,
    28404.753603579735,
    28404.753603579735,
    28404.753603579735,
    28207.382237560192,
    28207.382237560192,
    28207.382237560192,
    28207.382237560192,
    28207.382237560192,
    28094.360603658497,
    28094.360603658497,
    28092.013830092757,
    28022.36962243403,
    27691.906319782578,
    27691.906319782578,
    27617.965926195786,
    27173.38778277461,
    27173.38778277461,
    27173.38778277461,
    27023.794243341956,
    26909.917467276315,
    26626.159907500452,
    26626.159907500452,
    26486.468403857827,
    26139.28531114823,
    26139.28531114823,
    25832.128701098,
    25832.128701098,
    25774.429912282514,
    25755.913103012026,
    25755.913103012026,
    25755.913103012026,
    25755.913103012026,
    25696.840107168515,
    25314.127316544662,
    25314.127316544662,
    25314.127316544662,
    25255.05432070115,
    25041.800675580183,
    25041.800675580183,
    24820.52672244962,
    24820.52672244962,
    24820.52672244962,
    24820.52672244962,
    24820.52672244962,
    24368.936810018095,
    24368.936810018095,
    24368.936810018095,
    23987.231262093977,
    23987.231262093977,
    23987.231262093977,
    23987.231262093977,
    23987.231262093977,
    23795.84369692825,
    23795.84369692825,
    23795.84369692825,
    23795.84369692825,
    23698.543669557526,
    23594.67146678943,
    23594.67146678943,
    23594.67146678943,
    23589.94698739796,
    23577.89990822813,
    23577.89990822813,
    23160.270991395522,
    23112.0862546541,
    23112.0862546541,
    23062.9709640248,
    23062.9709640248,
    22998.8818290605,
    22998.8818290605,
    22998.8818290605,
    22998.8818290605,
    22873.81865542461,
    22781.339975810868,
    22781.339975810868,
    22781.339975810868,
    22781.339975810868,
    22781.339975810868,
    22781.339975810868,
    22781.339975810868,
    22781.339975810868,
    22781.339975810868,
    22781.339975810868,
    22781.339975810868,
    22719.614110815128,
    22662.844626074064,
    22662.844626074064,
    22662.844626074064,
    22662.844626074064,
    22382.377627338657,
    22382.377627338657,
    22382.377627338657,
    22382.377627338657,
    22382.377627338657,
    22382.377627338657,
    22318.129570664194,
    22318.129570664194,
    22278.20572467805,
    22278.20572467805,
    22238.87253100439,
    22238.87253100439,
    22228.598998593447,
    22228.598998593447,
    22228.598998593447,
    22228.598998593447,
    22208.700874189297,
    22187.35967562066,
    22187.35967562066,
    22187.35967562066,
    22187.35967562066,
    22187.35967562066,
    22117.854825131908,
    22117.854825131908,
    22117.854825131908,
    22117.854825131908,
    22107.581292720966,
    22107.581292720966,
    22107.581292720966,
    22107.581292720966,
    22107.581292720966,
    22107.581292720966,
    22107.581292720966,
    22014.705047264146,
    21989.702469715055
  ],
  "duration": 41.32122468948364
}