{
  "best_order": [
    38,
    92,
    95,
    4,
    50,
    34,
    91,
    25,
    97,
    41,
    96,
    28,
    43,
    19,
    60,
    62,
    89,
    23,
    86,
    14,
    100,
    68,
    72,
    93,
    74,
    78,
    80,
    52,
    65,
    101,
    1,
    10,
    73,
    98,
    33,
    32,
    26,
    76,
    88,
    13,
    67,
    63,
    2,
    81,
    18,
    7,
    9,
    3,
    53,
    79,
    29,
    84,
    85,
    66,
    42,
    31,
    17,
    87,
    94,
    58,
    27,
    45,
    64,
    75,
    6,
    49,
    48,
    59,
    77,
    83,
    61,
    24,
    39,
    46,
    40,
    20,
    8,
    55,
    82,
    5,
    70,
    36,
    30,
    51,
    99,
    57,
    37,
    11,
    90,
    16,
    47,
    44,
    22,
    54,
    12,
    69,
    71,
    21,
    56,
    35,
    15
  ],
  "best_score": 23569.972343814912,
  "best_info": {
    "total_distance": 23569.972343814912,
    "infeasible_count": 0,
    "routes": [
      {
        "route": [
          38,
          92,
          95,
          4,
          50,
          34,
          91,
          25,
          97,
          41,
          96,
          28,
          43,
          19,
          60,
          62,
          89,
          23,
          86,
          14,
          100,
          68,
          72,
          93,
          74,
          78,
          80,
          52,
          65,
          101,
          1
        ],
        "distance": 7732.1399487431145,
        "feasible": true,
        "boxes_total": 48,
        "boxes_packed": 48,
        "fill_rate": 0.2872085575617284
      },
      {
        "route": [
          10,
          73,
          98,
          33,
          32,
          26,
          76,
          88,
          13,
          67,
          63,
          2,
          81,
          18,
          7,
          9,
          3,
          53,
          79,
          29,
          84,
          85,
          66,
          42,
          31,
          17,
          87,
          94,
          58
        ],
        "distance": 7088.262771420472,
        "feasible": true,
        "boxes_total": 48,
        "boxes_packed": 48,
        "fill_rate": 0.28755905432098766
      },
      {
        "route": [
          27,
          45,
          64,
          75,
          6,
          49,
          48,
          59,
          77,
          83,
          61,
          24,
          39,
          46,
          40,
          20,
          8,
          55,
          82,
          5,
          70,
          36,
          30,
          51,
          99,
          57,
          37
        ],
        "distance": 4993.0025870561,
        "feasible": true,
        "boxes_total": 48,
        "boxes_packed": 48,
        "fill_rate": 0.062488701851851854
      },
      {
        "route": [
          11,
          90,
          16,
          47,
          44,
          22,
          54,
          12,
          69,
          71,
          21,
          56,
          35,
          15
        ],
        "distance": 3756.5670365952255,
        "feasible": true,
        "boxes_total": 26,
        "boxes_packed": 26,
        "fill_rate": 0.17196990601851853
      }
    ]
  },
  "history": [
    48194.41013825885,
    48194.41013825885,
    47433.394185089535,
    44981.18030207459,
    44981.18030207459,
    44981.18030207459,
    44981.18030207459,
    44710.973491312085,
    44246.19539697974,
    43932.81353739193,
    42918.69429110893,
    42533.58756307858,
    41403.52399563734,
    41403.52399563734,
    40151.831392859,
    40093.05080904741,
    40093.05080904741,
    40093.05080904741,
    39293.521512580344,
    38733.94131431823,
    38733.94131431823,
    38105.27715993726,
    38105.27715993726,
    37883.05790999852,
    37036.93889753432,
    37036.93889753432,
    36360.18614817846,
    36360.18614817846,
    36360.18614817846,
    36014.71917975308,
    35393.39139314671,
    35393.39139314671,
    35393.39139314671,
    34856.178846960036,
    34856.178846960036,
    34102.96951028345,
    34102.96951028345,
    34049.710070734276,
    34049.710070734276,
    33394.82035403473,
    33394.82035403473,
    33394.82035403473,
    32746.432842720224,
    32746.432842720224,
    32436.949913122215,
    32436.949913122215,
    32436.949913122215,
    32436.949913122215,
    31900.03134087142,
    31900.03134087142,
    31900.03134087142,
    31900.03134087142,
    31547.080416797035,
    31547.080416797035,
    30682.277883526556,
    30682.277883526556,
    30682.277883526556,
    30606.13320589256,
    30510.017630203736,
    30451.288732164183,
    29843.9999397744,
    29757.91989105214,
    29757.91989105214,
    29757.91989105214,
    29757.91989105214,
    29734.436659010575,
    29130.234653296007,
    29130.234653296007,
    29130.234653296007,
    29075.445561893903,
    29022.178866883052,
    29022.178866883052,
    29022.178866883052,
    28652.51461197908,
    28652.51461197908,
    28652.51461197908,
    28652.51461197908,
    28652.51461197908,
    28652.51461197908,
    28652.51461197908,
    28359.458639118282,
    28359.458639118282,
    28359.458639118282,
    28219.26872149978,
    28219.26872149978,
    28197.129732012916,
    28197.129732012916,
    27954.526988651785,
    27954.526988651785,
    27954.526988651785,
    27954.526988651785,
    27954.526988651785,
    27954.526988651785,
    27954.526988651785,
    27902.687731635342,
    27659.356346835368,
    27659.356346835368,
    27659.356346835368,
    27434.89406415112,
    27434.89406415112,
    27434.89406415112,
    27434.89406415112,
    27107.458581507963,
    27107.458581507963,
    27107.458581507963,
    27107.458581507963,
    27107.458581507963,
    27107.458581507963,
    27078.45580406201,
    26809.122379413035,
    26809.122379413035,
    26809.122379413035,
    26631.52923632813,
    26631.52923632813,
    26631.52923632813,
    26631.52923632813,
    26631.52923632813,
    26433.75939036204,
    26251.284251263874,
    26251.284251263874,
    26082.439572182455,
    26082.439572182455,
    26053.51440529778,
    26053.51440529778,
    26053.51440529778,
    26053.51440529778,
    25908.457380586653,
    25843.64147723779,
    25843.64147723779,
    25843.64147723779,
    25812.374500821184,
    25680.418008641907,
    25680.418008641907,
    25278.970072289936,
    25278.970072289936,
    25215.27999095235,
    25215.27999095235,
    25206.617676321803,
    25206.617676321803,
    25206.617676321803,
    25092.62881224776,
    24948.498364166313,
    24948.498364166313,
    24948.498364166313,
    24948.498364166313,
    24948.498364166313,
    24948.498364166313,
    24948.498364166313,
    24948.498364166313,
    24948.498364166313,
    24948.498364166313,
    24915.318090550514,
    24898.930155427963,
    24898.930155427963,
    24898.930155427963,
    24801.81051757457,
    24801.81051757457,
    24801.81051757457,
    24801.81051757457,
    24766.18313948306,
    24766.18313948306,
    24697.90389526403,
    24666.91582194596,
    24666.91582194596,
    24666.91582194596,
    24659.65579583311,
    24559.121171161914,
    24559.121171161914,
    24559.121171161914,
    24486.929622882177,
    24486.929622882177,
    24486.929622882177,
    24486.929622882177,
    24486.929622882177,
    24486.929622882177,
    24486.929622882177,
    24230.6060520191,
    24230.6060520191,
    24181.189093131692,
    24034.399349579915,
    24034.399349579915,
    24034.399349579915,
    24034.399349579915,
    23952.912072824318,
    23952.912072824318,
    23952.912072824318,
    23952.912072824318,
    23952.912072824318,
    23821.847523328306,
    23775.250841507608,
    23694.914198129594,
    23694.914198129594,
    23694.914198129594,
    23694.914198129594,
    23694.914198129594,
    23569.972343814912,
    23569.972343814912,
    23569.972343814912,
    23569.972343814912,
    23569.972343814912
  ],
  "duration": 47.292973279953
}