{
  "best_order": [
    64,
    75,
    45,
    6,
    65,
    7,
    18,
    20,
    84,
    21,
    27,
    34,
    90,
    10,
    74,
    16,
    51,
    91,
    73,
    37,
    67,
    63,
    59,
    48,
    52,
    49,
    101,
    60,
    70,
    12,
    5,
    95,
    79,
    71,
    100,
    23,
    43,
    40,
    87,
    83,
    66,
    56,
    88,
    53,
    47,
    33,
    38,
    93,
    4,
    57,
    13,
    26,
    24,
    76,
    58,
    11,
    1,
    15,
    30,
    25,
    36,
    99,
    35,
    9,
    46,
    2,
    39,
    80,
    96,
    17,
    42,
    31,
    97,
    41,
    22,
    32,
    82,
    55,
    54,
    19,
    61,
    14,
    94,
    3,
    8,
    77,
    81,
    89,
    86,
    28,
    85,
    62,
    69,
    78,
    92,
    98,
    29,
    50,
    72,
    68,
    44
  ],
  "best_score": 23100.49596658759,
  "best_info": {
    "total_distance": 23100.49596658759,
    "infeasible_count": 0,
    "routes": [
      {
        "route": [
          64,
          75,
          45,
          6,
          65,
          7,
          18,
          20,
          84,
          21,
          27,
          34,
          90,
          10,
          74,
          16,
          51,
          91,
          73,
          37,
          67,
          63,
          59,
          48,
          52,
          49,
          101
        ],
        "distance": 5676.183334995868,
        "feasible": true,
        "boxes_total": 47,
        "boxes_packed": 47,
        "fill_rate": 0.17534238595679014
      },
      {
        "route": [
          60,
          70,
          12,
          5,
          95,
          79,
          71,
          100,
          23,
          43,
          40,
          87,
          83,
          66,
          56,
          88,
          53,
          47,
          33,
          38,
          93,
          4,
          57,
          13,
          26,
          24,
          76,
          58,
          11
        ],
        "distance": 7285.637764752554,
        "feasible": true,
        "boxes_total": 48,
        "boxes_packed": 48,
        "fill_rate": 0.2873924552469136
      },
      {
        "route": [
          1,
          15,
          30,
          25,
          36,
          99,
          35,
          9,
          46,
          2,
          39,
          80,
          96,
          17,
          42,
          31,
          97,
          41,
          22,
          32,
          82,
          55,
          54,
          19,
          61,
          14,
          94
        ],
        "distance": 5861.704771200816,
        "feasible": true,
        "boxes_total": 48,
        "boxes_packed": 48,
        "fill_rate": 0.174185524845679
      },
      {
        "route": [
          3,
          8,
          77,
          81,
          89,
          86,
          28,
          85,
          62,
          69,
          78,
          92,
          98,
          29,
          50,
          72,
          68,
          44
        ],
        "distance": 4276.970095638354,
        "feasible": true,
        "boxes_total": 27,
        "boxes_packed": 27,
        "fill_rate": 0.17230585370370372
      }
    ]
  },
  "history": [
    49508.577730837875,
    48729.09490097799,
    46948.51738337905,
    46810.3083660331,
    44371.94240567657,
    43351.66479328084,
    43351.66479328084,
    43351.66479328084,
    42725.438789974374,
    42075.843994378934,
    41924.87828516209,
    40569.301639214056,
    40283.4343318964,
    40152.98273590989,
    39347.87259894239,
    39347.87259894239,
    37664.86010109479,
    37664.86010109479,
    37664.86010109479,
    37664.86010109479,
    36680.87783125375,
    35856.345247164834,
    35856.345247164834,
    35856.345247164834,
    35856.345247164834,
    35856.345247164834,
    35837.218644619454,
    35530.1307002784,
    35298.20212051411,
    34955.349683693756,
    34304.631353166806,
    34304.631353166806,
    34197.5360864664,
    34197.5360864664,
    34197.5360864664,
    33275.67995200353,
    33182.778019316305,
    33182.778019316305,
    32928.439223037625,
    32928.439223037625,
    32575.89746027727,
    32575.89746027727,
    32575.89746027727,
    32575.89746027727,
    32575.89746027727,
    31928.26626324172,
    31683.608809870046,
    31683.608809870046,
    31683.608809870046,
    31683.608809870046,
    31683.608809870046,
    31430.0635967302,
    31430.0635967302,
    31076.31977220004,
    31076.31977220004,
    31076.31977220004,
    31016.693917266966,
    31016.693917266966,
    30900.707731437396,
    30784.257224748748,
    30640.08131107323,
    30640.08131107323,
    30640.08131107323,
    30507.370865060453,
    30507.370865060453,
    30374.031129562383,
    30251.047755546366,
    30236.129910812007,
    30236.129910812007,
    30236.129910812007,
    29575.88756598684,
    29575.88756598684,
    29575.88756598684,
    29487.81089755648,
    29487.81089755648,
    29485.68591902558,
    29485.68591902558,
    28984.31560316803,
    28984.31560316803,
    28984.31560316803,
    28984.31560316803,
    28984.31560316803,
    28984.31560316803,
    28976.46813431436,
    28976.46813431436,
    28976.46813431436,
    28976.46813431436,
    28976.46813431436,
    28976.46813431436,
    28788.956305241038,
    28554.34944509971,
    28554.34944509971,
    28542.408435390756,
    28542.408435390756,
    28542.28837411499,
    28313.540840087913,
    28313.540840087913,
    28091.18385188184,
    28091.18385188184,
    28091.18385188184,
    28091.18385188184,
    27899.87393249887,
    27899.87393249887,
    27521.422411503634,
    27521.422411503634,
    27521.422411503634,
    27480.40458730959,
    27480.40458730959,
    27480.40458730959,
    27267.289591261702,
    27267.289591261702,
    27267.289591261702,
    27267.289591261702,
    27267.289591261702,
    27267.289591261702,
    27235.412729521668,
    27018.28572183178,
    27018.28572183178,
    27018.28572183178,
    27018.28572183178,
    26935.904607486307,
    26935.904607486307,
    26912.71849990263,
    26718.29659880297,
    26718.29659880297,
    26718.29659880297,
    26718.29659880297,
    26124.376422911246,
    26124.376422911246,
    26124.376422911246,
    26124.376422911246,
    26124.376422911246,
    26039.219821146064,
    26039.219821146064,
    26010.55436530122,
    25887.888137415146,
    25887.888137415146,
    25887.888137415146,
    25768.416357712624,
    25768.416357712624,
    25768.416357712624,
    25707.78906596222,
    25506.80242747947,
    25506.80242747947,
    25506.80242747947,
    25476.73860380971,
    25143.191929437882,
    25029.63657875605,
    25029.63657875605,
    25029.63657875605,
    25029.63657875605,
    25029.63657875605,
    24920.57718160599,
    24920.57718160599,
    24920.57718160599,
    24604.480231426005,
    24604.480231426005,
    24604.480231426005,
    24604.480231426005,
    24604.480231426005,
    24603.32537251413,
    24603.32537251413,
    24603.32537251413,
    24521.64269467923,
    24521.64269467923,
    24402.474546194513,
    24402.474546194513,
    24402.474546194513,
    24204.193965081595,
    24204.193965081595,
    24204.193965081595,
    24204.193965081595,
    24130.280063401784,
    23811.67647489227,
    23811.67647489227,
    23811.67647489227,
    23811.67647489227,
    23811.67647489227,
    23811.67647489227,
    23797.10208020818,
    23688.326016408744,
    23688.326016408744,
    23688.326016408744,
    23401.50570706263,
    23401.50570706263,
    23401.50570706263,
    23333.37801812165,
    23333.37801812165,
    23333.37801812165,
    23333.37801812165,
    23333.37801812165,
    23333.37801812165,
    23333.37801812165,
    23333.37801812165,
    23192.595319862354,
    23192.595319862354,
    23153.780270554307,
    23100.49596658759,
    23100.49596658759,
    23100.49596658759
  ],
  "duration": 41.537773847579956
}