{
  "best_order": [
    90,
    37,
    81,
    87,
    32,
    101,
    48,
    43,
    28,
    71,
    100,
    66,
    40,
    83,
    24,
    62,
    31,
    80,
    13,
    64,
    45,
    51,
    10,
    47,
    22,
    15,
    1,
    11,
    75,
    6,
    49,
    52,
    65,
    41,
    97,
    82,
    36,
    30,
    63,
    20,
    23,
    2,
    58,
    76,
    39,
    77,
    9,
    88,
    57,
    56,
    50,
    93,
    29,
    33,
    95,
    72,
    84,
    27,
    25,
    18,
    12,
    5,
    69,
    46,
    85,
    14,
    61,
    89,
    86,
    92,
    79,
    4,
    74,
    99,
    44,
    67,
    59,
    26,
    78,
    96,
    8,
    70,
    94,
    42,
    19,
    7,
    34,
    73,
    35,
    98,
    53,
    91,
    16,
    17,
    60,
    55,
    54,
    3,
    68,
    21,
    38
  ],
  "best_score": 23312.142481139686,
  "best_info": {
    "total_distance": 23312.142481139686,
    "infeasible_count": 0,
    "routes": [
      {
        "route": [
          90,
          37,
          81,
          87,
          32,
          101,
          48,
          43,
          28,
          71,
          100,
          66,
          40,
          83,
          24,
          62,
          31,
          80,
          13,
          64,
          45,
          51,
          10,
          47,
          22,
          15,
          1,
          11
        ],
        "distance": 6321.064340224842,
        "feasible": true,
        "boxes_total": 48,
        "boxes_packed": 48,
        "fill_rate": 0.23049643179012347
      },
      {
        "route": [
          75,
          6,
          49,
          52,
          65,
          41,
          97,
          82,
          36,
          30,
          63,
          20,
          23,
          2,
          58,
          76,
          39,
          77,
          9,
          88,
          57,
          56,
          50,
          93,
          29,
          33,
          95,
          72,
          84
        ],
        "distance": 6160.32403109533,
        "feasible": true,
        "boxes_total": 48,
        "boxes_packed": 48,
        "fill_rate": 0.17429812407407408
      },
      {
        "route": [
          27,
          25,
          18,
          12,
          5,
          69,
          46,
          85,
          14,
          61,
          89,
          86,
          92,
          79,
          4,
          74,
          99,
          44,
          67,
          59,
          26,
          78,
          96,
          8,
          70,
          94,
          42,
          19,
          7
        ],
        "distance": 6186.826707732727,
        "feasible": true,
        "boxes_total": 47,
        "boxes_packed": 47,
        "fill_rate": 0.23200182623456791
      },
      {
        "route": [
          34,
          73,
          35,
          98,
          53,
          91,
          16,
          17,
          60,
          55,
          54,
          3,
          68,
          21,
          38
        ],
        "distance": 4643.92740208679,
        "feasible": true,
        "boxes_total": 27,
        "boxes_packed": 27,
        "fill_rate": 0.172429837654321
      }
    ]
  },
  "history": [
    48028.97984892277,
    48028.73430641403,
    47181.13393375366,
    46743.75020571904,
    44277.64755582741,
    44277.64755582741,
    43869.01534278864,
    43137.818006869624,
    42904.94419265315,
    41976.26305229881,
    41976.26305229881,
    41466.84614186734,
    41461.16114259012,
    40982.33914358748,
    40015.991181026126,
    39990.56276548873,
    39252.61294979657,
    39084.37766178241,
    38600.439250650554,
    38600.439250650554,
    38600.439250650554,
    38270.624856947834,
    38270.624856947834,
    37939.93985696347,
    37409.165369714654,
    36452.3138344482,
    36452.3138344482,
    36370.8651114206,
    35715.45833748427,
    35606.34138729254,
    35546.09550326619,
    35546.09550326619,
    35201.5751480526,
    34774.7876155199,
    34774.7876155199,
    34430.10725410616,
    34430.10725410616,
    34430.10725410616,
    34430.10725410616,
    34089.029933220205,
    33703.68655200787,
    33703.68655200787,
    33290.06602920626,
    33290.06602920626,
    33290.06602920626,
    33277.773810968574,
    32915.65513434104,
    32751.97025407976,
    32541.963725661208,
    32541.963725661208,
    32520.632475146205,
    32520.632475146205,
    32053.588715003196,
    31983.908182993106,
    31983.908182993106,
    31983.908182993106,
    31983.908182993106,
    31932.98864224034,
    31784.1807479797,
    31418.351731250663,
    31267.960776051386,
    31267.960776051386,
    31164.949461761487,
    31164.949461761487,
    31164.949461761487,
    31164.949461761487,
    30702.90774678605,
    30702.90774678605,
    30702.90774678605,
    30593.387187367276,
    30313.3333228678,
    30313.3333228678,
    30290.81519598163,
    30211.50870464873,
    30211.50870464873,
    29725.37311437293,
    29725.37311437293,
    29665.769982896425,
    29665.769982896425,
    29665.769982896425,
    29665.769982896425,
    29655.5010738822,
    29433.900114835127,
    29433.900114835127,
    29082.60040772217,
    29082.60040772217,
    29082.60040772217,
    29082.60040772217,
    29082.60040772217,
    28920.418701225542,
    28721.943293602006,
    28721.943293602006,
    28721.943293602006,
    28721.943293602006,
    28721.943293602006,
    28721.943293602006,
    28721.943293602006,
    28566.192105049482,
    28514.720253980155,
    28514.720253980155,
    28165.812517902836,
    28165.812517902836,
    28165.812517902836,
    28165.812517902836,
    28165.812517902836,
    28104.34051921676,
    28104.34051921676,
    28010.026027209395,
    27741.041068468512,
    27383.81296021607,
    27383.81296021607,
    27362.10484533286,
    27362.10484533286,
    27021.49107077169,
    27021.49107077169,
    27021.49107077169,
    27021.49107077169,
    26872.002742404,
    26872.002742404,
    26872.002742404,
    26872.002742404,
    26872.002742404,
    26872.002742404,
    26872.002742404,
    26816.28241940442,
    26816.28241940442,
    26816.28241940442,
    26816.28241940442,
    26816.28241940442,
    26697.427787693563,
    26568.2263226063,
    26568.2263226063,
    26568.2263226063,
    26467.0687073104,
    26467.0687073104,
    26357.112087793586,
    26357.112087793586,
    26357.112087793586,
    26299.562374378507,
    25810.397877118292,
    25810.397877118292,
    25741.932741992914,
    25741.932741992914,
    25741.932741992914,
    25741.932741992914,
    25629.2396253648,
    25629.2396253648,
    25629.2396253648,
    25574.18174367744,
    25489.010042952483,
    25342.832416261248,
    25342.832416261248,
    25342.832416261248,
    25342.832416261248,
    25342.832416261248,
    25342.832416261248,
    24948.520912711516,
    24374.075212231848,
    24374.075212231848,
    24374.075212231848,
    24374.075212231848,
    24374.075212231848,
    24374.075212231848,
    24374.075212231848,
    24374.075212231848,
    24374.075212231848,
    24374.075212231848,
    24223.368452461178,
    24223.368452461178,
    24223.368452461178,
    24104.447017348,
    24104.447017348,
    24083.726753385945,
    24083.726753385945,
    24061.435595404335,
    24061.435595404335,
    24061.435595404335,
    23939.201747273404,
    23656.35720469624,
    23656.35720469624,
    23604.320381556074,
    23604.320381556074,
    23604.320381556074,
    23389.260314717612,
    23389.260314717612,
    23389.260314717612,
    23387.53235627767,
    23387.53235627767,
    23387.53235627767,
    23387.53235627767,
    23387.53235627767,
    23387.53235627767,
    23387.53235627767,
    23387.53235627767,
    23387.53235627767,
    23347.516937818033,
    23344.84989282773,
    23344.84989282773,
    23312.142481139686,
    23312.142481139686
  ],
  "duration": 42.91292643547058
}