{
  "best_order": [
    20,
    28,
    43,
    29,
    93,
    59,
    25,
    62,
    24,
    66,
    85,
    63,
    67,
    92,
    50,
    98,
    48,
    78,
    10,
    4,
    79,
    73,
    34,
    91,
    64,
    22,
    32,
    52,
    38,
    95,
    53,
    84,
    56,
    71,
    3,
    17,
    19,
    60,
    40,
    89,
    100,
    37,
    27,
    15,
    101,
    30,
    65,
    8,
    87,
    2,
    39,
    77,
    88,
    33,
    35,
    57,
    74,
    13,
    9,
    69,
    96,
    70,
    42,
    14,
    61,
    83,
    12,
    5,
    55,
    54,
    7,
    36,
    44,
    47,
    16,
    68,
    72,
    81,
    46,
    76,
    26,
    58,
    90,
    99,
    51,
    1,
    49,
    41,
    97,
    82,
    31,
    94,
    18,
    6,
    45,
    75,
    21,
    23,
    86,
    80,
    11
  ],
  "best_score": 25068.042455899296,
  "best_info": {
    "total_distance": 25068.042455899296,
    "infeasible_count": 0,
    "routes": [
      {
        "route": [
          20,
          28,
          43,
          29,
          93,
          59,
          25,
          62,
          24,
          66,
          85,
          63,
          67,
          92,
          50,
          98,
          48,
          78,
          10,
          4,
          79,
          73,
          34,
          91,
          64,
          22,
          32,
          52
        ],
        "distance": 7805.294356473188,
        "feasible": true,
        "boxes_total": 48,
        "boxes_packed": 48,
        "fill_rate": 0.11942296388888889
      },
      {
        "route": [
          38,
          95,
          53,
          84,
          56,
          71,
          3,
          17,
          19,
          60,
          40,
          89,
          100,
          37,
          27,
          15,
          101,
          30,
          65,
          8,
          87,
          2,
          39,
          77,
          88,
          33,
          35,
          57,
          74
        ],
        "distance": 6784.175608737019,
        "feasible": true,
        "boxes_total": 48,
        "boxes_packed": 48,
        "fill_rate": 0.2873422046296296
      },
      {
        "route": [
          13,
          9,
          69,
          96,
          70,
          42,
          14,
          61,
          83,
          12,
          5,
          55,
          54,
          7,
          36,
          44,
          47,
          16,
          68,
          72,
          81,
          46,
          76,
          26,
          58,
          90,
          99,
          51
        ],
        "distance": 5578.6899230504905,
        "feasible": true,
        "boxes_total": 48,
        "boxes_packed": 48,
        "fill_rate": 0.3433987229938272
      },
      {
        "route": [
          1,
          49,
          41,
          97,
          82,
          31,
          94,
          18,
          6,
          45,
          75,
          21,
          23,
          86,
          80,
          11
        ],
        "distance": 4899.882567638599,
        "feasible": true,
        "boxes_total": 26,
        "boxes_packed": 26,
        "fill_rate": 0.059062328240740744
      }
    ]
  },
  "history": [
    47127.198506206216,
    44791.75241543514,
    44791.75241543514,
    44791.75241543514,
    42808.185479810694,
    42475.98327120223,
    42118.8716495417,
    42118.8716495417,
    42118.8716495417,
    42118.8716495417,
    41108.105503313716,
    40434.34035930599,
    40372.694296402566,
    40221.18822293105,
    38676.80716799597,
    38676.80716799597,
    38299.5965815359,
    38299.5965815359,
    38299.5965815359,
    38167.5594471621,
    38054.51893996267,
    37584.0049061133,
    37584.0049061133,
    37182.42008447111,
    36661.26840097342,
    36661.26840097342,
    36661.26840097342,
    36389.90045886176,
    36113.464990163266,
    35817.154225800376,
    35805.30383394507,
    35805.30383394507,
    35805.30383394507,
    35805.30383394507,
    35805.30383394507,
    35805.30383394507,
    35392.11570622805,
    35392.11570622805,
    35392.11570622805,
    35017.980197692625,
    35017.980197692625,
    35017.980197692625,
    34962.37095601391,
    34435.1582177162,
    34435.1582177162,
    34435.1582177162,
    34435.1582177162,
    34435.1582177162,
    34435.1582177162,
    33880.100950240085,
    33880.100950240085,
    33880.100950240085,
    33880.100950240085,
    33694.64021866687,
    33667.057742391,
    33667.057742391,
    33667.057742391,
    32780.980343450494,
    32780.980343450494,
    32780.980343450494,
    32780.980343450494,
    32727.092194836507,
    32634.57854328739,
    32575.228194651485,
    32575.228194651485,
    32528.77791137426,
    32528.77791137426,
    31982.308901136334,
    31981.497727949856,
    31981.497727949856,
    31744.977663506143,
    31744.977663506143,
    31744.977663506143,
    31744.977663506143,
    31526.602341270263,
    31011.349501369048,
    31011.349501369048,
    31011.349501369048,
    31011.349501369048,
    31011.349501369048,
    30789.76317770149,
    30789.76317770149,
    30789.76317770149,
    30789.76317770149,
    30789.76317770149,
    30789.76317770149,
    30703.06951104977,
    30703.06951104977,
    30632.89933867548,
    30593.303331628405,
    30426.938371383607,
    30424.900303508246,
    30387.826453605176,
    30387.826453605176,
    30148.769163842084,
    30148.769163842084,
    30148.769163842084,
    30148.769163842084,
    30148.769163842084,
    30148.769163842084,
    29660.98544987311,
    29552.70799692793,
    29020.0916152064,
    29020.0916152064,
    29020.0916152064,
    29020.0916152064,
    28874.021112161186,
    28836.416362591026,
    28836.416362591026,
    28620.170575687265,
    28620.170575687265,
    28375.520032029865,
    28375.520032029865,
    28344.901921173838,
    28211.495010691757,
    28211.495010691757,
    28211.495010691757,
    28211.495010691757,
    28211.495010691757,
    28211.495010691757,
    28172.175454633478,
    28172.175454633478,
    28172.175454633478,
    27648.00884156344,
    27648.00884156344,
    27648.00884156344,
    27626.261198617973,
    27626.261198617973,
    27608.68928550516,
    27457.563178347184,
    27457.563178347184,
    27457.563178347184,
    27435.07490607513,
    27344.861377418874,
    27344.861377418874,
    27284.5679514073,
    27284.5679514073,
    27284.5679514073,
    27144.323038354232,
    27144.323038354232,
    27144.323038354232,
    27144.323038354232,
    27141.987099251848,
    27141.987099251848,
    27031.31224190349,
    27031.31224190349,
    27031.31224190349,
    27031.31224190349,
    27031.31224190349,
    27031.31224190349,
    27031.31224190349,
    27031.31224190349,
    26947.09990966343,
    26947.09990966343,
    26630.97897594283,
    26485.031383708272,
    26485.031383708272,
    26440.382186716386,
    26440.382186716386,
    26386.666357932594,
    26355.252085958477,
    26355.252085958477,
    26355.252085958477,
    26307.386481028712,
    26307.386481028712,
    26307.386481028712,
    26216.393816070904,
    26216.393816070904,
    26216.393816070904,
    26177.60718327892,
    26177.60718327892,
    26050.255052727272,
    26050.255052727272,
    26050.255052727272,
    25893.26788789934,
    25769.466397929944,
    25769.466397929944,
    25769.466397929944,
    25769.466397929944,
    25769.466397929944,
    25649.14314837548,
    25533.617836919548,
    25533.617836919548,
    25533.617836919548,
    25533.617836919548,
    25512.263537844894,
    25276.4149768345,
    25276.4149768345,
    25276.4149768345,
    25275.629491200867,
    25275.629491200867,
    25091.247253818743,
    25091.247253818743,
    25091.247253818743,
    25091.247253818743,
    25091.247253818743,
    25084.72109046804,
    25084.72109046804,
    25084.72109046804,
    25068.042455899296
  ],
  "duration": 41.695826053619385
}