{
  "best_order": [
    14,
    43,
    86,
    89,
    9,
    88,
    33,
    68,
    98,
    29,
    95,
    92,
    93,
    79,
    74,
    34,
    44,
    90,
    101,
    36,
    80,
    70,
    12,
    62,
    24,
    46,
    40,
    85,
    2,
    59,
    27,
    11,
    32,
    26,
    58,
    63,
    37,
    35,
    72,
    50,
    47,
    15,
    82,
    54,
    55,
    41,
    25,
    52,
    65,
    75,
    45,
    64,
    6,
    49,
    91,
    38,
    4,
    99,
    10,
    16,
    57,
    3,
    84,
    48,
    17,
    60,
    5,
    19,
    69,
    8,
    23,
    20,
    71,
    21,
    56,
    78,
    51,
    73,
    53,
    100,
    28,
    96,
    42,
    18,
    97,
    1,
    67,
    13,
    66,
    83,
    39,
    30,
    7,
    31,
    87,
    94,
    76,
    77,
    81,
    61,
    22
  ],
  "best_score": 23809.82110737671,
  "best_info": {
    "total_distance": 23809.82110737671,
    "infeasible_count": 0,
    "routes": [
      {
        "route": [
          14,
          43,
          86,
          89,
          9,
          88,
          33,
          68,
          98,
          29,
          95,
          92,
          93,
          79,
          74,
          34,
          44,
          90,
          101,
          36,
          80,
          70,
          12,
          62,
          24,
          46,
          40,
          85,
          2,
          59,
          27
        ],
        "distance": 6824.301844080046,
        "feasible": true,
        "boxes_total": 48,
        "boxes_packed": 48,
        "fill_rate": 0.23176485108024691
      },
      {
        "route": [
          11,
          32,
          26,
          58,
          63,
          37,
          35,
          72,
          50,
          47,
          15,
          82,
          54,
          55,
          41,
          25,
          52,
          65,
          75,
          45,
          64,
          6,
          49,
          91,
          38,
          4
        ],
        "distance": 6016.260203344425,
        "feasible": true,
        "boxes_total": 48,
        "boxes_packed": 48,
        "fill_rate": 0.23021264058641974
      },
      {
        "route": [
          99,
          10,
          16,
          57,
          3,
          84,
          48,
          17,
          60,
          5,
          19,
          69,
          8,
          23,
          20,
          71,
          21,
          56,
          78,
          51,
          73,
          53,
          100,
          28,
          96,
          42,
          18,
          97
        ],
        "distance": 7042.083593592849,
        "feasible": true,
        "boxes_total": 48,
        "boxes_packed": 48,
        "fill_rate": 0.23164472391975308
      },
      {
        "route": [
          1,
          67,
          13,
          66,
          83,
          39,
          30,
          7,
          31,
          87,
          94,
          76,
          77,
          81,
          61,
          22
        ],
        "distance": 3927.1754663593883,
        "feasible": true,
        "boxes_total": 26,
        "boxes_packed": 26,
        "fill_rate": 0.11560400416666666
      }
    ]
  },
  "history": [
    49260.86296866017,
    48308.00685554958,
    47790.654528839834,
    46618.177659089335,
    46618.177659089335,
    45545.17467355355,
    45545.17467355355,
    45545.17467355355,
    44780.5868585832,
    43224.43232918582,
    43026.15829864685,
    43026.15829864685,
    42264.39647744914,
    41690.59685213236,
    41254.17117622985,
    40475.618175414194,
    40475.618175414194,
    40329.487702454986,
    40329.487702454986,
    40329.487702454986,
    39459.116431736125,
    39046.52773718372,
    39046.52773718372,
    39046.52773718372,
    38538.237256105494,
    38472.01421012822,
    38472.01421012822,
    38472.01421012822,
    37508.660904668825,
    36967.452144473515,
    36967.452144473515,
    36967.452144473515,
    36354.86583505864,
    36354.86583505864,
    36014.93399396993,
    35712.59436758144,
    35712.59436758144,
    35657.25553208227,
    35657.25553208227,
    35182.06128073648,
    35182.06128073648,
    34475.86792158186,
    33990.163889691175,
    33990.163889691175,
    33260.305157717215,
    33260.305157717215,
    33260.305157717215,
    33260.305157717215,
    33260.305157717215,
    33260.305157717215,
    32986.80067610956,
    32986.80067610956,
    32986.80067610956,
    32986.80067610956,
    32925.997636689804,
    32623.835826231716,
    32595.92241470045,
    32425.35410036184,
    32165.63775101747,
    32165.63775101747,
    32028.594815707816,
    31700.253192076827,
    31700.253192076827,
    31422.867503862508,
    31422.867503862508,
    31422.867503862508,
    31289.830957665705,
    30900.316482920287,
    30900.316482920287,
    30900.316482920287,
    30900.316482920287,
    30900.316482920287,
    30841.44556089064,
    30747.211190214563,
    30747.211190214563,
    30747.211190214563,
    30402.52689227877,
    30402.52689227877,
    30402.52689227877,
    30104.58984817627,
    30104.58984817627,
    30104.58984817627,
    30104.58984817627,
    29951.058286923333,
    29951.058286923333,
    29951.058286923333,
    29859.306743605084,
    29679.873416038947,
    29679.873416038947,
    29359.687866921482,
    29359.687866921482,
    29359.687866921482,
    29359.687866921482,
    29166.972220421245,
    28927.31545463866,
    28927.31545463866,
    28927.31545463866,
    28927.31545463866,
    28927.31545463866,
    28859.240794624064,
    28823.032992807694,
    28823.032992807694,
    28771.236384541375,
    28617.017828364947,
    28617.017828364947,
    28617.017828364947,
    28487.802967507414,
    28487.802967507414,
    28321.29151246053,
    28232.111219071412,
    28232.111219071412,
    27959.185450135858,
    27959.185450135858,
    27894.913349366725,
    27876.995941645462,
    27571.31794071514,
    27485.842653809992,
    27485.842653809992,
    27485.842653809992,
    27381.04411585202,
    27220.039358675745,
    27220.039358675745,
    27210.63310290753,
    27127.409042619132,
    26921.00035893195,
    26921.00035893195,
    26921.00035893195,
    26921.00035893195,
    26628.377553998213,
    26628.377553998213,
    26628.377553998213,
    26628.377553998213,
    26628.377553998213,
    26565.071444594374,
    26565.071444594374,
    26377.666638844188,
    26262.378961345687,
    26262.378961345687,
    26262.378961345687,
    26262.378961345687,
    26079.665994416337,
    26079.665994416337,
    26036.614010341455,
    26036.614010341455,
    26036.614010341455,
    25986.04358569747,
    25692.165692550967,
    25692.165692550967,
    25692.165692550967,
    25692.165692550967,
    25685.76429895423,
    25685.76429895423,
    25553.94967276559,
    25499.953176220228,
    25499.953176220228,
    25499.953176220228,
    25499.953176220228,
    25478.84214163015,
    25286.83528829517,
    25286.83528829517,
    25211.72775715973,
    25211.72775715973,
    25048.97985496127,
    25048.97985496127,
    25048.97985496127,
    25048.97985496127,
    24973.872323825835,
    24973.872323825835,
    24908.227184761654,
    24908.227184761654,
    24908.227184761654,
    24908.227184761654,
    24908.227184761654,
    24908.227184761654,
    24907.828721241745,
    24907.828721241745,
    24907.828721241745,
    24907.828721241745,
    24813.09827483513,
    24733.491196836254,
    24733.491196836254,
    24733.491196836254,
    24733.491196836254,
    24733.491196836254,
    24311.39516697149,
    24311.39516697149,
    24311.39516697149,
    24311.39516697149,
    24311.39516697149,
    24311.39516697149,
    24311.39516697149,
    24097.521213081785,
    24097.521213081785,
    24097.521213081785,
    24049.591715389353,
    24049.591715389353,
    24049.591715389353,
    24049.591715389353,
    24049.591715389353,
    23809.82110737671
  ],
  "duration": 42.814342975616455
}