{
  "best_order": [
    47,
    98,
    93,
    50,
    4,
    27,
    45,
    95,
    38,
    69,
    87,
    66,
    61,
    40,
    83,
    28,
    20,
    56,
    67,
    16,
    90,
    73,
    34,
    51,
    53,
    65,
    32,
    101,
    92,
    79,
    29,
    71,
    89,
    86,
    100,
    43,
    23,
    8,
    58,
    80,
    26,
    59,
    35,
    68,
    72,
    70,
    60,
    42,
    12,
    7,
    97,
    18,
    76,
    88,
    13,
    36,
    15,
    11,
    91,
    33,
    9,
    39,
    62,
    14,
    96,
    10,
    74,
    57,
    3,
    21,
    84,
    25,
    41,
    22,
    75,
    64,
    49,
    6,
    2,
    77,
    81,
    94,
    17,
    54,
    82,
    55,
    30,
    52,
    1,
    99,
    78,
    48,
    44,
    37,
    63,
    19,
    5,
    31,
    46,
    85,
    24
  ],
  "best_score": 24898.409084521252,
  "best_info": {
    "total_distance": 24898.409084521252,
    "infeasible_count": 0,
    "routes": [
      {
        "route": [
          47,
          98,
          93,
          50,
          4,
          27,
          45,
          95,
          38,
          69,
          87,
          66,
          61,
          40,
          83,
          28,
          20,
          56,
          67,
          16,
          90,
          73,
          34,
          51,
          53,
          65,
          32,
          101
        ],
        "distance": 7115.602718511007,
        "feasible": true,
        "boxes_total": 48,
        "boxes_packed": 48,
        "fill_rate": 0.1756594950617284
      },
      {
        "route": [
          92,
          79,
          29,
          71,
          89,
          86,
          100,
          43,
          23,
          8,
          58,
          80,
          26,
          59,
          35,
          68,
          72,
          70,
          60,
          42,
          12,
          7,
          97,
          18,
          76,
          88,
          13,
          36,
          15,
          11
        ],
        "distance": 6519.887532506257,
        "feasible": true,
        "boxes_total": 48,
        "boxes_packed": 48,
        "fill_rate": 0.28742576404320985
      },
      {
        "route": [
          91,
          33,
          9,
          39,
          62,
          14,
          96,
          10,
          74,
          57,
          3,
          21,
          84,
          25,
          41,
          22,
          75,
          64,
          49,
          6,
          2,
          77,
          81,
          94,
          17,
          54,
          82,
          55
        ],
        "distance": 7593.169925379351,
        "feasible": true,
        "boxes_total": 47,
        "boxes_packed": 47,
        "fill_rate": 0.23074574614197532
      },
      {
        "route": [
          30,
          52,
          1,
          99,
          78,
          48,
          44,
          37,
          63,
          19,
          5,
          31,
          46,
          85,
          24
        ],
        "distance": 3669.748908124636,
        "feasible": true,
        "boxes_total": 27,
        "boxes_packed": 27,
        "fill_rate": 0.11539521450617284
      }
    ]
  },
  "history": [
    48208.88420963584,
    45091.346344533726,
    45091.346344533726,
    45091.346344533726,
    45091.346344533726,
    43282.22254608133,
    43282.22254608133,
    43282.22254608133,
    42404.895112047685,
    42404.895112047685,
    42368.56369659071,
    41728.57676231009,
    39686.06017372643,
    39649.27433206092,
    39649.27433206092,
    39581.94194175462,
    39167.596679214825,
    38500.469640681054,
    38500.469640681054,
    38500.469640681054,
    38500.469640681054,
    37844.65811180337,
    37844.65811180337,
    37326.921349279146,
    37326.921349279146,
    37285.924663582955,
    36953.289538276505,
    36499.17735566286,
    36245.51913126127,
    36245.51913126127,
    36030.27552239026,
    36030.27552239026,
    35789.06533744115,
    35662.42667375474,
    35573.47492407428,
    35065.13214249147,
    35065.13214249147,
    34769.56695583197,
    34607.349073232755,
    34607.349073232755,
    33806.48117685258,
    33607.5910893061,
    33607.5910893061,
    33416.57998765721,
    32684.978527773445,
    32684.978527773445,
    32684.978527773445,
    32684.978527773445,
    32684.978527773445,
    31736.592480700463,
    31736.592480700463,
    31736.592480700463,
    31736.592480700463,
    31736.592480700463,
    31736.592480700463,
    31736.592480700463,
    31696.476704483866,
    31666.27078485646,
    31414.475527243467,
    31414.475527243467,
    31414.475527243467,
    31414.475527243467,
    31390.3454859629,
    31158.987751738827,
    30898.5501795349,
    30898.5501795349,
    30898.5501795349,
    30898.5501795349,
    30898.5501795349,
    30884.284800714267,
    30884.284800714267,
    30820.873319471455,
    30820.873319471455,
    30505.220081104348,
    30505.220081104348,
    30505.220081104348,
    30505.220081104348,
    30505.220081104348,
    30335.250513036994,
    30335.250513036994,
    30141.772619159117,
    30066.028215637572,
    29987.87091875917,
    29798.591014471018,
    29798.591014471018,
    29798.591014471018,
    29798.591014471018,
    29798.591014471018,
    29678.461734193337,
    29544.21035710258,
    29544.21035710258,
    29181.788913067223,
    29181.788913067223,
    29161.021469395582,
    29161.021469395582,
    28801.359760824525,
    28801.359760824525,
    28801.359760824525,
    28801.359760824525,
    28682.001697356107,
    28682.001697356107,
    28682.001697356107,
    28524.68718776115,
    28524.68718776115,
    28524.68718776115,
    28464.955633393904,
    28464.955633393904,
    28456.746925958192,
    28356.893118554482,
    28283.60736477559,
    28283.60736477559,
    28237.53505508606,
    28237.53505508606,
    28237.53505508606,
    28126.97659153762,
    28126.97659153762,
    28126.97659153762,
    28084.709134548986,
    28084.709134548986,
    28084.709134548986,
    27715.722147742126,
    27715.722147742126,
    27715.722147742126,
    27715.722147742126,
    27715.722147742126,
    27694.851471256796,
    27694.851471256796,
    27694.851471256796,
    27694.851471256796,
    27594.88121099025,
    27594.88121099025,
    27594.88121099025,
    27594.88121099025,
    27525.771145337803,
    27525.771145337803,
    27525.771145337803,
    27489.495465780452,
    27441.085975357073,
    27199.942159767816,
    27199.942159767816,
    27199.942159767816,
    27167.71454265999,
    27125.47277530625,
    27104.86689272836,
    26976.56234265668,
    26976.56234265668,
    26766.14115356846,
    26766.14115356846,
    26765.0386141107,
    26678.170925882863,
    26678.170925882863,
    26419.292127765708,
    26419.292127765708,
    26419.292127765708,
    26419.292127765708,
    26419.292127765708,
    26419.292127765708,
    26375.86119078603,
    26375.86119078603,
    26375.86119078603,
    26375.86119078603,
    26375.83296461296,
    26302.540559235662,
    26302.540559235662,
    26148.322538008688,
    26148.322538008688,
    26141.04581429789,
    26080.60419294514,
    26080.60419294514,
    26080.60419294514,
    26019.108320201667,
    26019.108320201667,
    26019.108320201667,
    25723.451460642667,
    25723.451460642667,
    25723.451460642667,
    25723.451460642667,
    25723.451460642667,
    25723.451460642667,
    25625.805994587354,
    25625.805994587354,
    25625.805994587354,
    25625.805994587354,
    25561.14561651302,
    25561.14561651302,
    25561.14561651302,
    25560.146686717308,
    25460.983194738714,
    25284.09283202671,
    25284.09283202671,
    25284.09283202671,
    25131.91543644431,
    25131.91543644431,
    25131.91543644431,
    25131.91543644431,
    25131.91543644431,
    25131.91543644431,
    25023.994140720006,
    25023.994140720006,
    24898.409084521252
  ],
  "duration": 40.61742401123047
}