{
  "best_order": [
    92,
    95,
    86,
    3,
    40,
    46,
    76,
    69,
    49,
    45,
    34,
    53,
    33,
    38,
    35,
    48,
    97,
    36,
    96,
    63,
    20,
    71,
    100,
    43,
    28,
    89,
    94,
    26,
    11,
    59,
    31,
    42,
    87,
    81,
    61,
    62,
    14,
    85,
    93,
    29,
    75,
    22,
    101,
    90,
    74,
    47,
    72,
    23,
    73,
    91,
    58,
    80,
    12,
    19,
    60,
    18,
    41,
    30,
    32,
    67,
    57,
    98,
    56,
    21,
    68,
    44,
    99,
    27,
    1,
    37,
    84,
    79,
    50,
    4,
    51,
    10,
    16,
    5,
    55,
    54,
    82,
    70,
    83,
    24,
    88,
    78,
    13,
    25,
    7,
    65,
    52,
    15,
    64,
    6,
    8,
    2,
    9,
    77,
    39,
    66,
    17
  ],
  "best_score": 25607.913222395906,
  "best_info": {
    "total_distance": 25607.913222395906,
    "infeasible_count": 0,
    "routes": [
      {
        "route": [
          92,
          95,
          86,
          3,
          40,
          46,
          76,
          69,
          49,
          45,
          34,
          53,
          33,
          38,
          35,
          48,
          97,
          36,
          96,
          63,
          20,
          71,
          100,
          43,
          28,
          89,
          94,
          26,
          11
        ],
        "distance": 7619.760664076255,
        "feasible": true,
        "boxes_total": 48,
        "boxes_packed": 48,
        "fill_rate": 0.2308568986111111
      },
      {
        "route": [
          59,
          31,
          42,
          87,
          81,
          61,
          62,
          14,
          85,
          93,
          29,
          75,
          22,
          101,
          90,
          74,
          47,
          72,
          23,
          73,
          91,
          58,
          80,
          12,
          19,
          60,
          18,
          41,
          30,
          32
        ],
        "distance": 8006.911565815027,
        "feasible": true,
        "boxes_total": 48,
        "boxes_packed": 48,
        "fill_rate": 0.2875131302469136
      },
      {
        "route": [
          67,
          57,
          98,
          56,
          21,
          68,
          44,
          99,
          27,
          1,
          37,
          84,
          79,
          50,
          4,
          51,
          10,
          16,
          5,
          55,
          54,
          82,
          70,
          83,
          24,
          88,
          78,
          13
        ],
        "distance": 6377.169560950841,
        "feasible": true,
        "boxes_total": 47,
        "boxes_packed": 47,
        "fill_rate": 0.06316768981481481
      },
      {
        "route": [
          25,
          7,
          65,
          52,
          15,
          64,
          6,
          8,
          2,
          9,
          77,
          39,
          66,
          17
        ],
        "distance": 3604.0714315537816,
        "feasible": true,
        "boxes_total": 27,
        "boxes_packed": 27,
        "fill_rate": 0.2276885010802469
      }
    ]
  },
  "history": [
    50330.25810926328,
    49306.40363656782,
    47477.84740011123,
    46907.001212609735,
    46907.001212609735,
    45591.40342222506,
    45591.40342222506,
    44639.957986474765,
    44476.065110406445,
    44036.92497397342,
    43468.55663338166,
    43239.929250201654,
    41720.51110300484,
    41446.55614735768,
    41179.15590070589,
    40939.661351266834,
    40939.661351266834,
    40521.010499020034,
    40521.010499020034,
    40521.010499020034,
    40361.639047724115,
    40150.28599038404,
    39953.523760734584,
    39387.098306077554,
    39387.098306077554,
    38927.88634950252,
    37970.69697877744,
    37873.38868414551,
    37873.38868414551,
    36852.625184441735,
    36852.625184441735,
    36852.625184441735,
    36852.625184441735,
    36852.625184441735,
    36770.99439702945,
    36765.265807352065,
    36765.265807352065,
    36393.212501845286,
    36075.740529989496,
    36035.94892949368,
    35697.87587644742,
    35697.87587644742,
    35293.244379981355,
    35293.244379981355,
    35135.464971779285,
    35135.464971779285,
    35135.464971779285,
    34787.116083216744,
    34787.116083216744,
    34787.116083216744,
    34787.116083216744,
    34745.99235586059,
    34161.73731090725,
    34161.73731090725,
    34161.73731090725,
    34161.73731090725,
    34161.73731090725,
    34143.68073889507,
    33690.29816586428,
    33690.29816586428,
    33481.14727847235,
    33184.74403331998,
    33095.213962058835,
    33095.213962058835,
    33095.213962058835,
    32730.047971352324,
    32730.047971352324,
    32622.274061505144,
    32622.274061505144,
    32260.338681804264,
    32240.25890603087,
    32240.25890603087,
    32240.25890603087,
    32151.344006061227,
    31871.08386334259,
    31871.08386334259,
    31871.08386334259,
    31747.70827674431,
    31747.70827674431,
    31747.70827674431,
    31528.764271787983,
    31510.902357057814,
    31371.43223050885,
    31371.43223050885,
    31371.43223050885,
    31371.43223050885,
    31371.43223050885,
    31353.023607724757,
    31254.168746858457,
    30986.91525845779,
    30951.03291511876,
    30951.03291511876,
    30951.03291511876,
    30869.651774807397,
    30869.651774807397,
    30869.651774807397,
    30861.685154196475,
    30861.685154196475,
    30675.844064219855,
    30595.34232481409,
    30595.34232481409,
    30595.34232481409,
    30288.662740480533,
    30288.662740480533,
    30288.662740480533,
    30288.662740480533,
    30278.569526056563,
    30278.569526056563,
    30278.569526056563,
    30178.919367661194,
    30178.919367661194,
    30112.516200940714,
    30002.27628955608,
    30002.27628955608,
    30002.27628955608,
    29900.47771400392,
    29900.47771400392,
    29886.30019348551,
    29791.580572490646,
    29791.580572490646,
    29184.474058087162,
    29184.474058087162,
    29184.474058087162,
    29107.99677236864,
    29107.99677236864,
    29107.99677236864,
    29107.99677236864,
    28845.973062181038,
    28845.973062181038,
    28777.688066910825,
    28777.688066910825,
    28399.916807886737,
    28399.916807886737,
    28399.916807886737,
    28399.916807886737,
    28399.916807886737,
    28399.916807886737,
    28399.916807886737,
    28378.073775414163,
    28204.54551047797,
    28204.54551047797,
    28204.54551047797,
    28204.54551047797,
    28204.54551047797,
    27728.082781986326,
    27728.082781986326,
    27728.082781986326,
    27675.866101661348,
    27675.866101661348,
    27675.866101661348,
    27675.866101661348,
    27443.248212297287,
    26949.05825523927,
    26949.05825523927,
    26949.05825523927,
    26949.05825523927,
    26682.341445427086,
    26682.341445427086,
    26682.341445427086,
    26682.341445427086,
    26682.341445427086,
    26682.341445427086,
    26613.691683182198,
    26417.250881812477,
    26417.250881812477,
    26417.250881812477,
    26417.250881812477,
    26417.250881812477,
    26180.21370732971,
    26139.85230032332,
    26139.85230032332,
    26139.85230032332,
    26088.780573083026,
    26047.348583864943,
    26047.348583864943,
    26047.348583864943,
    25952.490644478028,
    25952.490644478028,
    25952.490644478028,
    25952.490644478028,
    25952.490644478028,
    25909.021457510666,
    25909.021457510666,
    25909.021457510666,
    25909.021457510666,
    25909.021457510666,
    25909.021457510666,
    25814.52906049926,
    25814.52906049926,
    25814.52906049926,
    25814.52906049926,
    25814.52906049926,
    25814.52906049926,
    25814.52906049926,
    25814.52906049926,
    25810.567638948054,
    25732.5228749657,
    25732.5228749657,
    25607.913222395906,
    25607.913222395906
  ],
  "duration": 42.96461367607117
}