{
  "best_order": [
    1,
    22,
    15,
    64,
    49,
    41,
    82,
    54,
    55,
    69,
    17,
    87,
    61,
    20,
    56,
    21,
    23,
    43,
    14,
    86,
    85,
    40,
    3,
    77,
    37,
    44,
    32,
    7,
    60,
    19,
    94,
    24,
    31,
    42,
    62,
    66,
    67,
    16,
    73,
    95,
    38,
    92,
    35,
    10,
    47,
    48,
    36,
    30,
    70,
    97,
    25,
    13,
    11,
    51,
    99,
    79,
    29,
    93,
    50,
    4,
    98,
    84,
    63,
    78,
    9,
    71,
    100,
    46,
    83,
    65,
    52,
    101,
    6,
    45,
    75,
    58,
    76,
    80,
    26,
    96,
    2,
    39,
    8,
    59,
    27,
    34,
    57,
    72,
    68,
    88,
    74,
    91,
    18,
    5,
    12,
    81,
    89,
    28,
    33,
    53,
    90
  ],
  "best_score": 21062.96254568337,
  "best_info": {
    "total_distance": 21062.96254568337,
    "infeasible_count": 0,
    "routes": [
      {
        "route": [
          1,
          22,
          15,
          64,
          49,
          41,
          82,
          54,
          55,
          69,
          17,
          87,
          61,
          20,
          56,
          21,
          23,
          43,
          14,
          86,
          85,
          40,
          3,
          77,
          37,
          44
        ],
        "distance": 5236.236309540181,
        "feasible": true,
        "boxes_total": 47,
        "boxes_packed": 47,
        "fill_rate": 0.2303748836419753
      },
      {
        "route": [
          32,
          7,
          60,
          19,
          94,
          24,
          31,
          42,
          62,
          66,
          67,
          16,
          73,
          95,
          38,
          92,
          35,
          10,
          47,
          48,
          36,
          30,
          70,
          97,
          25,
          13,
          11
        ],
        "distance": 5718.529629209576,
        "feasible": true,
        "boxes_total": 48,
        "boxes_packed": 48,
        "fill_rate": 0.2308331461419753
      },
      {
        "route": [
          51,
          99,
          79,
          29,
          93,
          50,
          4,
          98,
          84,
          63,
          78,
          9,
          71,
          100,
          46,
          83,
          65,
          52,
          101,
          6,
          45,
          75,
          58,
          76,
          80,
          26,
          96,
          2,
          39,
          8,
          59
        ],
        "distance": 5680.272209432942,
        "feasible": true,
        "boxes_total": 48,
        "boxes_packed": 48,
        "fill_rate": 0.1750103047839506
      },
      {
        "route": [
          27,
          34,
          57,
          72,
          68,
          88,
          74,
          91,
          18,
          5,
          12,
          81,
          89,
          28,
          33,
          53,
          90
        ],
        "distance": 4427.924397500673,
        "feasible": true,
        "boxes_total": 27,
        "boxes_packed": 27,
        "fill_rate": 0.17300788518518517
      }
    ]
  },
  "history": [
    49894.44544439452,
    48756.36598599893,
    48140.872047904486,
    47203.103886792764,
    45878.82227898079,
    45569.76145647762,
    45066.823062682124,
    43676.66106916942,
    43676.66106916942,
    43008.59498076429,
    43008.59498076429,
    41515.50661578299,
    41050.15517371451,
    41050.15517371451,
    40921.87747231132,
    40723.42962239713,
    40723.42962239713,
    39930.551360190206,
    39930.551360190206,
    39725.44174089915,
    37654.52845029077,
    37654.52845029077,
    36643.6648483848,
    36605.58256641502,
    36200.10011535867,
    35962.13549894251,
    35962.13549894251,
    35962.13549894251,
    35611.960915877185,
    35611.960915877185,
    35611.960915877185,
    35611.960915877185,
    35024.391854601505,
    34706.43481491526,
    34706.43481491526,
    34221.960765978496,
    34221.960765978496,
    33834.98573225383,
    33221.91036187674,
    33197.06599570843,
    32626.911886254922,
    31830.14513781384,
    31830.14513781384,
    31830.14513781384,
    31249.57260372792,
    31249.57260372792,
    31231.674757970424,
    31231.674757970424,
    30683.416857767636,
    30683.416857767636,
    30608.696452636363,
    30310.78902636754,
    30310.78902636754,
    30310.78902636754,
    30097.821147074526,
    30097.821147074526,
    30097.821147074526,
    30056.78539063208,
    29832.596739341636,
    29711.52151667561,
    29486.56774747876,
    29486.56774747876,
    29486.56774747876,
    29486.56774747876,
    29163.58335097064,
    29019.23874199744,
    29019.23874199744,
    28559.3174099848,
    28559.3174099848,
    28559.3174099848,
    28496.573091495764,
    28496.573091495764,
    28336.258379408428,
    28173.81651637667,
    28173.81651637667,
    27997.750736357415,
    27891.58967110919,
    27891.58967110919,
    27891.58967110919,
    26730.055081117844,
    26730.055081117844,
    26404.30684596817,
    26404.30684596817,
    26404.30684596817,
    26247.32369113794,
    26247.32369113794,
    25951.588131793284,
    25951.588131793284,
    25951.588131793284,
    25750.682729203996,
    25410.679146236867,
    25410.679146236867,
    25410.679146236867,
    25259.823153890844,
    25259.823153890844,
    25259.823153890844,
    25259.823153890844,
    25259.823153890844,
    25259.823153890844,
    25259.823153890844,
    25055.691418832248,
    25055.691418832248,
    25055.691418832248,
    24630.615151926315,
    24630.615151926315,
    24630.615151926315,
    24630.615151926315,
    24630.615151926315,
    24630.615151926315,
    24630.615151926315,
    24630.615151926315,
    24630.615151926315,
    24630.615151926315,
    24526.05260897672,
    24380.487524874618,
    24380.487524874618,
    24380.487524874618,
    24135.724926282932,
    24135.724926282932,
    24073.006177404244,
    24073.006177404244,
    24073.006177404244,
    24073.006177404244,
    23969.523229781196,
    23969.523229781196,
    23876.06863430025,
    23876.06863430025,
    23853.44916706361,
    23853.44916706361,
    23587.065776556516,
    23587.065776556516,
    23587.065776556516,
    23587.065776556516,
    23587.065776556516,
    23396.193659104854,
    23396.193659104854,
    23396.193659104854,
    23396.193659104854,
    23237.043187979492,
    23237.043187979492,
    23237.043187979492,
    23096.264093712944,
    23096.264093712944,
    23084.883984060514,
    23084.883984060514,
    23084.883984060514,
    23084.883984060514,
    23045.137928907883,
    23045.137928907883,
    23003.689004988253,
    22984.417595513423,
    22984.417595513423,
    22955.471464492282,
    22854.70224366306,
    22854.70224366306,
    22854.70224366306,
    22676.14564581298,
    22463.519404135863,
    22463.519404135863,
    22463.519404135863,
    22463.519404135863,
    22391.29930116848,
    22391.29930116848,
    22391.29930116848,
    22391.29930116848,
    22364.58518007877,
    22364.58518007877,
    22364.58518007877,
    22350.963937570123,
    22350.963937570123,
    22350.963937570123,
    22242.70698538242,
    22211.329891413523,
    22211.329891413523,
    22155.437274634234,
    22038.918565318185,
    22038.918565318185,
    22038.918565318185,
    21964.016066089876,
    21957.52215032295,
    21957.52215032295,
    21957.52215032295,
    21757.456737120723,
    21757.456737120723,
    21757.456737120723,
    21757.456737120723,
    21742.301716085898,
    21742.301716085898,
    21702.11778572896,
    21702.11778572896,
    21547.180101190308,
    21253.41329506419,
    21253.41329506419,
    21253.41329506419,
    21253.41329506419,
    21253.41329506419,
    21076.563284614214,
    21076.563284614214,
    21062.96254568337,
    21062.96254568337
  ],
  "duration": 40.50784206390381
}