{
  "best_order": [
    90,
    13,
    67,
    63,
    57,
    28,
    43,
    89,
    86,
    81,
    60,
    19,
    42,
    22,
    49,
    65,
    50,
    93,
    53,
    10,
    47,
    46,
    40,
    76,
    69,
    15,
    1,
    21,
    56,
    84,
    96,
    18,
    54,
    55,
    82,
    31,
    39,
    2,
    3,
    72,
    78,
    17,
    100,
    71,
    26,
    80,
    30,
    7,
    97,
    25,
    101,
    95,
    29,
    4,
    44,
    99,
    27,
    91,
    51,
    16,
    74,
    37,
    20,
    23,
    85,
    83,
    87,
    66,
    61,
    77,
    35,
    33,
    92,
    79,
    73,
    45,
    64,
    6,
    34,
    38,
    98,
    68,
    88,
    8,
    94,
    32,
    36,
    11,
    48,
    9,
    59,
    58,
    62,
    14,
    24,
    5,
    12,
    70,
    41,
    52,
    75
  ],
  "best_score": 23164.078342220848,
  "best_info": {
    "total_distance": 23164.078342220848,
    "infeasible_count": 0,
    "routes": [
      {
        "route": [
          90,
          13,
          67,
          63,
          57,
          28,
          43,
          89,
          86,
          81,
          60,
          19,
          42,
          22,
          49,
          65,
          50,
          93,
          53,
          10,
          47,
          46,
          40,
          76,
          69,
          15,
          1
        ],
        "distance": 6480.5969196910955,
        "feasible": true,
        "boxes_total": 48,
        "boxes_packed": 48,
        "fill_rate": 0.28737312438271606
      },
      {
        "route": [
          21,
          56,
          84,
          96,
          18,
          54,
          55,
          82,
          31,
          39,
          2,
          3,
          72,
          78,
          17,
          100,
          71,
          26,
          80,
          30,
          7,
          97,
          25,
          101,
          95,
          29,
          4,
          44,
          99,
          27
        ],
        "distance": 7432.534644424199,
        "feasible": true,
        "boxes_total": 48,
        "boxes_packed": 48,
        "fill_rate": 0.2310813197530864
      },
      {
        "route": [
          91,
          51,
          16,
          74,
          37,
          20,
          23,
          85,
          83,
          87,
          66,
          61,
          77,
          35,
          33,
          92,
          79,
          73,
          45,
          64,
          6,
          34,
          38,
          98,
          68,
          88,
          8,
          94,
          32,
          36
        ],
        "distance": 6045.55172604643,
        "feasible": true,
        "boxes_total": 48,
        "boxes_packed": 48,
        "fill_rate": 0.17437832222222222
      },
      {
        "route": [
          11,
          48,
          9,
          59,
          58,
          62,
          14,
          24,
          5,
          12,
          70,
          41,
          52,
          75
        ],
        "distance": 3205.3950520591247,
        "feasible": true,
        "boxes_total": 26,
        "boxes_packed": 26,
        "fill_rate": 0.11639345339506173
      }
    ]
  },
  "history": [
    48464.35012713442,
    48007.41986082701,
    47607.8094001603,
    46845.41340284586,
    46406.9507524009,
    44893.705716864366,
    44272.60443381379,
    43949.77162597582,
    43640.84546672637,
    42329.8659547708,
    41607.530021259285,
    41357.08682393596,
    40036.465264375685,
    40036.465264375685,
    39345.976454836695,
    38293.537950091406,
    37795.38513430539,
    37483.43619428152,
    37483.43619428152,
    36824.05866648844,
    35860.2406184827,
    35860.2406184827,
    35860.2406184827,
    35600.657937306554,
    35131.35868401915,
    35077.20425500575,
    35077.20425500575,
    35077.20425500575,
    34895.656953544945,
    34002.5659178431,
    33606.88514115644,
    33606.88514115644,
    33508.97566386078,
    32903.74405165034,
    32724.325204675668,
    32524.982520559603,
    31787.878889459244,
    31787.878889459244,
    31787.878889459244,
    31455.807557279746,
    31455.807557279746,
    31455.807557279746,
    31203.975113024673,
    31203.975113024673,
    30831.727800453442,
    30831.727800453442,
    30831.727800453442,
    30423.07109100946,
    30423.07109100946,
    30308.62333379351,
    30308.62333379351,
    30308.62333379351,
    29901.283554339712,
    29901.283554339712,
    29462.493166543325,
    29462.493166543325,
    29462.493166543325,
    29297.713494183852,
    29297.713494183852,
    28634.1745562649,
    28634.1745562649,
    28634.1745562649,
    28634.1745562649,
    28192.495268060236,
    28192.495268060236,
    28192.495268060236,
    28066.795059099997,
    27957.7847404406,
    27957.7847404406,
    27878.731850280932,
    27878.731850280932,
    27878.273434807114,
    27871.018215694032,
    27871.018215694032,
    27543.453296147818,
    27367.578052520574,
    27367.578052520574,
    27367.578052520574,
    27367.578052520574,
    27170.84899729376,
    27170.84899729376,
    27170.84899729376,
    27141.501518151646,
    27141.501518151646,
    27130.75632878301,
    27130.75632878301,
    26981.2527410767,
    26981.2527410767,
    26981.2527410767,
    26779.894708406893,
    26779.894708406893,
    26779.894708406893,
    26779.894708406893,
    26702.08115691105,
    26702.08115691105,
    26702.08115691105,
    26493.049162881307,
    26493.049162881307,
    26493.049162881307,
    26493.049162881307,
    26493.049162881307,
    26493.049162881307,
    26329.490837083882,
    26329.490837083882,
    26329.490837083882,
    26211.452632629094,
    26193.45998149219,
    26186.178228972418,
    26112.724404067594,
    26112.724404067594,
    26112.724404067594,
    26112.724404067594,
    26005.574565871684,
    26005.574565871684,
    26005.574565871684,
    25995.799675007198,
    25995.799675007198,
    25968.854193338273,
    25968.854193338273,
    25968.854193338273,
    25968.854193338273,
    25954.331430715385,
    25768.54672784825,
    25768.54672784825,
    25670.827602544978,
    25670.827602544978,
    25670.827602544978,
    25670.827602544978,
    25670.827602544978,
    25670.827602544978,
    25670.827602544978,
    25670.827602544978,
    25670.095015825456,
    25670.095015825456,
    25367.039427982592,
    25231.50865191423,
    25231.50865191423,
    24602.008180807396,
    24602.008180807396,
    24602.008180807396,
    24602.008180807396,
    24521.427078854445,
    24446.536561295557,
    24446.536561295557,
    24446.536561295557,
    24446.536561295557,
    24446.536561295557,
    24446.536561295557,
    24446.536561295557,
    24446.536561295557,
    24446.536561295557,
    24446.536561295557,
    24446.536561295557,
    24446.536561295557,
    24446.536561295557,
    24408.87350430869,
    24408.87350430869,
    24358.522904930564,
    24358.522904930564,
    24358.522904930564,
    24216.33725423575,
    24184.28507843119,
    24184.28507843119,
    24184.28507843119,
    24070.918073381814,
    24070.918073381814,
    24070.918073381814,
    24070.918073381814,
    23826.644264458053,
    23826.644264458053,
    23826.644264458053,
    23631.74122906423,
    23631.74122906423,
    23530.789641414747,
    23530.789641414747,
    23530.789641414747,
    23530.789641414747,
    23530.789641414747,
    23530.789641414747,
    23530.789641414747,
    23491.781995057576,
    23379.16596704143,
    23240.194897573467,
    23240.194897573467,
    23240.194897573467,
    23191.71755524602,
    23191.71755524602,
    23191.71755524602,
    23191.71755524602,
    23191.71755524602,
    23191.71755524602,
    23191.71755524602,
    23191.71755524602,
    23191.71755524602,
    23164.078342220848,
    23164.078342220848,
    23164.078342220848,
    23164.078342220848,
    23164.078342220848,
    23164.078342220848
  ],
  "duration": 58.208473920822144
}