{
  "best_order": [
    51,
    19,
    12,
    70,
    18,
    36,
    25,
    41,
    7,
    97,
    63,
    58,
    5,
    46,
    84,
    20,
    43,
    28,
    23,
    87,
    60,
    65,
    45,
    15,
    1,
    11,
    59,
    39,
    26,
    80,
    32,
    101,
    52,
    30,
    99,
    16,
    74,
    53,
    92,
    98,
    38,
    64,
    6,
    75,
    34,
    73,
    4,
    95,
    79,
    68,
    100,
    81,
    83,
    56,
    93,
    29,
    47,
    90,
    88,
    76,
    2,
    61,
    89,
    71,
    86,
    14,
    77,
    85,
    66,
    40,
    24,
    17,
    69,
    94,
    31,
    8,
    9,
    48,
    13,
    49,
    22,
    42,
    62,
    3,
    33,
    27,
    44,
    57,
    21,
    35,
    72,
    50,
    10,
    91,
    96,
    82,
    54,
    55,
    78,
    67,
    37
  ],
  "best_score": 24050.96802112745,
  "best_info": {
    "total_distance": 24050.96802112745,
    "infeasible_count": 0,
    "routes": [
      {
        "route": [
          51,
          19,
          12,
          70,
          18,
          36,
          25,
          41,
          7,
          97,
          63,
          58,
          5,
          46,
          84,
          20,
          43,
          28,
          23,
          87,
          60,
          65,
          45,
          15,
          1,
          11
        ],
        "distance": 6192.348630548893,
        "feasible": true,
        "boxes_total": 48,
        "boxes_packed": 48,
        "fill_rate": 0.23058429212962964
      },
      {
        "route": [
          59,
          39,
          26,
          80,
          32,
          101,
          52,
          30,
          99,
          16,
          74,
          53,
          92,
          98,
          38,
          64,
          6,
          75,
          34,
          73,
          4,
          95,
          79,
          68,
          100,
          81,
          83,
          56,
          93,
          29,
          47
        ],
        "distance": 6716.337577205729,
        "feasible": true,
        "boxes_total": 48,
        "boxes_packed": 48,
        "fill_rate": 0.28700864089506173
      },
      {
        "route": [
          90,
          88,
          76,
          2,
          61,
          89,
          71,
          86,
          14,
          77,
          85,
          66,
          40,
          24,
          17,
          69,
          94,
          31,
          8,
          9,
          48,
          13,
          49,
          22,
          42,
          62,
          3,
          33
        ],
        "distance": 6647.869859791469,
        "feasible": true,
        "boxes_total": 47,
        "boxes_packed": 47,
        "fill_rate": 0.17542640910493826
      },
      {
        "route": [
          27,
          44,
          57,
          21,
          35,
          72,
          50,
          10,
          91,
          96,
          82,
          54,
          55,
          78,
          67,
          37
        ],
        "distance": 4494.411953581358,
        "feasible": true,
        "boxes_total": 27,
        "boxes_packed": 27,
        "fill_rate": 0.11620687762345679
      }
    ]
  },
  "history": [
    50532.527920768574,
    48549.22410419876,
    46909.0505902148,
    46617.65081869053,
    46549.99721766689,
    44642.08671592597,
    44474.23880343928,
    44383.659966604246,
    43258.08091686903,
    42579.24517439335,
    41949.484655360895,
    41949.484655360895,
    41407.57792703762,
    41280.33388653548,
    40789.96376881922,
    39714.05508327782,
    39714.05508327782,
    39237.93983942914,
    38653.026207590214,
    38653.026207590214,
    38400.68762311989,
    38400.68762311989,
    38354.218172478926,
    38341.46433507143,
    37857.7027623831,
    37497.504357709,
    37469.611178641084,
    36607.65292500068,
    36503.900780897246,
    36503.900780897246,
    36503.900780897246,
    35964.258856252694,
    35773.35939862123,
    35773.35939862123,
    35266.17906098167,
    35266.17906098167,
    34904.962187213816,
    34713.04764192175,
    34713.04764192175,
    34713.04764192175,
    34713.04764192175,
    34576.344774964055,
    34517.66886775984,
    34125.849231291635,
    33645.47483255823,
    33076.26998079555,
    33076.26998079555,
    33076.26998079555,
    32827.49413614206,
    32827.49413614206,
    32418.864679237773,
    32418.864679237773,
    32418.864679237773,
    31999.38004764984,
    31635.588883264707,
    31635.588883264707,
    31635.588883264707,
    31635.588883264707,
    31472.94673524925,
    31472.94673524925,
    31472.94673524925,
    31071.556323161934,
    31071.556323161934,
    31071.556323161934,
    31071.556323161934,
    31071.556323161934,
    30784.807661761955,
    30784.807661761955,
    30624.279371590786,
    30624.279371590786,
    30624.279371590786,
    30441.90313905598,
    30441.90313905598,
    30441.90313905598,
    30045.264059604586,
    30045.264059604586,
    30045.264059604586,
    30045.264059604586,
    30045.264059604586,
    29678.075633418546,
    29632.909535320014,
    29632.909535320014,
    29383.57133391259,
    29383.57133391259,
    29383.57133391259,
    29325.88927876295,
    29007.97571601029,
    29007.97571601029,
    29007.97571601029,
    28897.528578308364,
    28897.528578308364,
    28897.528578308364,
    28897.528578308364,
    28897.528578308364,
    28897.528578308364,
    28471.90161686334,
    28177.910251560672,
    28177.910251560672,
    28177.910251560672,
    28177.910251560672,
    28177.910251560672,
    28059.046028314635,
    28059.046028314635,
    27917.897762189623,
    27917.897762189623,
    27917.897762189623,
    27917.897762189623,
    27851.573013881574,
    27851.573013881574,
    27747.57457738058,
    27747.57457738058,
    27606.01971154124,
    27606.01971154124,
    27606.01971154124,
    27568.479301824038,
    27568.479301824038,
    27568.479301824038,
    27568.479301824038,
    27319.087771519167,
    27319.087771519167,
    27319.087771519167,
    27123.708997357262,
    27123.708997357262,
    27123.708997357262,
    27123.708997357262,
    27117.945168685637,
    26715.745836053593,
    26715.745836053593,
    26715.745836053593,
    26715.745836053593,
    26715.745836053593,
    26715.745836053593,
    26715.745836053593,
    26715.745836053593,
    26715.745836053593,
    26715.745836053593,
    26668.132508090905,
    26574.23530309455,
    26433.437392612683,
    26433.437392612683,
    26433.437392612683,
    26433.437392612683,
    26433.437392612683,
    26384.44758096406,
    26384.44758096406,
    26384.44758096406,
    26384.44758096406,
    26384.44758096406,
    26384.44758096406,
    26384.44758096406,
    26384.44758096406,
    26223.976280331295,
    26209.752714997998,
    26045.874681834346,
    26045.874681834346,
    26045.874681834346,
    26045.874681834346,
    26009.411553298472,
    26007.708446254812,
    25970.250373204504,
    25891.228594497425,
    25827.87753235268,
    25805.50017435566,
    25731.39151847525,
    25710.45170598269,
    25710.45170598269,
    25710.45170598269,
    25559.56225857073,
    25559.56225857073,
    25559.56225857073,
    25559.56225857073,
    25559.56225857073,
    25559.56225857073,
    25559.56225857073,
    25545.190522495952,
    25545.190522495952,
    25545.190522495952,
    25481.55914793356,
    25389.053622444728,
    25033.513887082125,
    24918.21447790311,
    24918.21447790311,
    24918.21447790311,
    24918.21447790311,
    24918.21447790311,
    24918.21447790311,
    24918.21447790311,
    24857.570465999215,
    24857.570465999215,
    24857.570465999215,
    24857.570465999215,
    24857.570465999215,
    24577.016718367213,
    24518.430167854367,
    24518.430167854367,
    24518.430167854367,
    24419.574495381356,
    24050.96802112745,
    24050.96802112745,
    24050.96802112745
  ],
  "duration": 43.08391976356506
}