{
  "best_order": [
    11,
    6,
    75,
    34,
    10,
    78,
    41,
    55,
    82,
    36,
    25,
    18,
    85,
    14,
    28,
    43,
    89,
    2,
    17,
    39,
    58,
    97,
    7,
    101,
    33,
    35,
    88,
    67,
    48,
    83,
    62,
    60,
    19,
    70,
    24,
    61,
    81,
    46,
    66,
    87,
    86,
    23,
    71,
    20,
    77,
    5,
    54,
    80,
    69,
    94,
    9,
    56,
    21,
    3,
    100,
    40,
    8,
    1,
    45,
    27,
    44,
    51,
    91,
    47,
    16,
    37,
    90,
    57,
    13,
    53,
    93,
    68,
    22,
    59,
    26,
    76,
    96,
    63,
    84,
    72,
    4,
    98,
    95,
    29,
    92,
    73,
    64,
    49,
    30,
    52,
    65,
    31,
    42,
    12,
    32,
    15,
    99,
    74,
    38,
    79,
    50
  ],
  "best_score": 23212.854488729205,
  "best_info": {
    "total_distance": 23212.854488729205,
    "infeasible_count": 0,
    "routes": [
      {
        "route": [
          11,
          6,
          75,
          34,
          10,
          78,
          41,
          55,
          82,
          36,
          25,
          18,
          85,
          14,
          28,
          43,
          89,
          2,
          17,
          39,
          58,
          97,
          7,
          101,
          33,
          35,
          88,
          67
        ],
        "distance": 6515.6246860696865,
        "feasible": true,
        "boxes_total": 48,
        "boxes_packed": 48,
        "fill_rate": 0.23072856404320988
      },
      {
        "route": [
          48,
          83,
          62,
          60,
          19,
          70,
          24,
          61,
          81,
          46,
          66,
          87,
          86,
          23,
          71,
          20,
          77,
          5,
          54,
          80,
          69,
          94,
          9,
          56,
          21,
          3,
          100,
          40,
          8
        ],
        "distance": 6557.081781944904,
        "feasible": true,
        "boxes_total": 48,
        "boxes_packed": 48,
        "fill_rate": 0.2873079720679012
      },
      {
        "route": [
          1,
          45,
          27,
          44,
          51,
          91,
          47,
          16,
          37,
          90,
          57,
          13,
          53,
          93,
          68,
          22,
          59,
          26,
          76,
          96,
          63,
          84,
          72,
          4,
          98,
          95,
          29,
          92,
          73
        ],
        "distance": 6150.023341373909,
        "feasible": true,
        "boxes_total": 47,
        "boxes_packed": 47,
        "fill_rate": 0.17538447438271604
      },
      {
        "route": [
          64,
          49,
          30,
          52,
          65,
          31,
          42,
          12,
          32,
          15,
          99,
          74,
          38,
          79,
          50
        ],
        "distance": 3990.124679340703,
        "feasible": true,
        "boxes_total": 27,
        "boxes_packed": 27,
        "fill_rate": 0.11580520925925926
      }
    ]
  },
  "history": [
    48768.93918441617,
    47413.11143409484,
    45977.09382068553,
    45363.23223777968,
    45027.151714671854,
    45027.151714671854,
    44512.84068121667,
    44512.84068121667,
    44512.84068121667,
    42791.13339462731,
    42427.16439415398,
    42427.16439415398,
    42376.11443609401,
    41326.54253906272,
    40760.521468491104,
    40760.521468491104,
    40028.05329576664,
    39725.88952727865,
    39725.88952727865,
    38879.9893027654,
    38879.9893027654,
    38879.9893027654,
    36663.112081225765,
    36663.112081225765,
    36663.112081225765,
    36663.112081225765,
    36663.112081225765,
    36454.17687047126,
    36454.17687047126,
    36332.335010943585,
    36332.335010943585,
    36144.18954015531,
    35927.41499924008,
    35803.57785818306,
    35803.57785818306,
    35803.57785818306,
    35545.24383640246,
    35322.801699819836,
    35155.8956543893,
    35155.8956543893,
    34972.50620574332,
    34738.69628760822,
    34738.69628760822,
    34738.69628760822,
    34582.32817547704,
    34224.58154567223,
    34224.58154567223,
    34224.58154567223,
    34187.608003996895,
    34010.08918565369,
    34004.30831434544,
    34004.30831434544,
    33772.84732007727,
    33772.84732007727,
    33772.84732007727,
    33758.550818179574,
    33708.97588923997,
    33551.84005395947,
    33493.912290106295,
    33342.53820098311,
    33243.97475884255,
    33122.60721886646,
    32871.50139489128,
    32389.643492854546,
    32389.643492854546,
    32389.643492854546,
    32389.643492854546,
    32059.267140601252,
    32059.267140601252,
    32059.267140601252,
    31316.411365721764,
    31316.411365721764,
    31316.411365721764,
    31269.85542948114,
    31269.85542948114,
    31072.348457858865,
    31072.348457858865,
    31072.348457858865,
    31072.348457858865,
    31072.348457858865,
    31050.140969028627,
    31050.140969028627,
    30573.653138993268,
    30573.653138993268,
    30273.485655142173,
    30273.485655142173,
    30273.485655142173,
    30273.485655142173,
    30028.876994816415,
    29654.98224908343,
    29654.98224908343,
    29654.98224908343,
    29520.885929529322,
    29520.885929529322,
    29252.182307678668,
    29252.182307678668,
    29237.019754875502,
    29218.212226388154,
    28897.886410250634,
    28897.886410250634,
    28696.509911903628,
    28696.509911903628,
    28696.509911903628,
    28696.509911903628,
    28308.933763525114,
    28260.806520940332,
    28004.963625454908,
    28004.963625454908,
    28004.963625454908,
    27840.674452829262,
    27840.674452829262,
    27737.097633662932,
    27737.097633662932,
    27448.722714746626,
    27448.722714746626,
    27323.63492516525,
    27323.63492516525,
    27323.63492516525,
    27234.27943087698,
    27234.27943087698,
    26941.67556369841,
    26941.67556369841,
    26941.67556369841,
    26941.67556369841,
    26837.27208706864,
    26837.27208706864,
    26837.27208706864,
    26493.371896069824,
    26493.371896069824,
    26493.371896069824,
    26493.371896069824,
    26493.371896069824,
    26493.371896069824,
    26493.371896069824,
    26493.371896069824,
    26493.371896069824,
    26406.169649772703,
    26406.169649772703,
    26232.831892645823,
    26232.831892645823,
    26076.053888621595,
    26076.053888621595,
    25911.380559448047,
    25911.380559448047,
    25911.380559448047,
    25911.380559448047,
    25911.380559448047,
    25911.380559448047,
    25871.4748471151,
    25766.667033297883,
    25766.667033297883,
    25545.548289013204,
    25545.548289013204,
    25545.548289013204,
    25388.539499701896,
    25388.539499701896,
    25388.539499701896,
    25388.539499701896,
    25170.39716159869,
    25170.39716159869,
    25170.39716159869,
    25170.39716159869,
    25170.39716159869,
    25170.39716159869,
    25154.381087853068,
    25154.381087853068,
    25154.381087853068,
    25154.381087853068,
    25019.508900359815,
    24887.791485876005,
    24772.245666548166,
    24727.744257757124,
    24727.744257757124,
    24706.10574910782,
    24706.10574910782,
    24706.10574910782,
    24281.967641631283,
    24281.967641631283,
    24281.967641631283,
    24131.499473631793,
    24131.499473631793,
    24131.499473631793,
    24131.499473631793,
    24131.499473631793,
    23847.883848530757,
    23847.883848530757,
    23847.883848530757,
    23847.883848530757,
    23842.880444507187,
    23799.672684616686,
    23799.672684616686,
    23799.672684616686,
    23799.672684616686,
    23718.373153481545,
    23532.20948645449,
    23532.20948645449,
    23532.20948645449,
    23532.20948645449,
    23476.603101876048,
    23212.854488729205
  ],
  "duration": 56.068551540374756
}