{
  "best_order": [
    43,
    28,
    23,
    56,
    11,
    45,
    27,
    16,
    73,
    50,
    93,
    95,
    98,
    65,
    25,
    18,
    66,
    61,
    3,
    37,
    74,
    53,
    63,
    96,
    80,
    97,
    41,
    30,
    91,
    34,
    51,
    47,
    77,
    71,
    100,
    86,
    14,
    83,
    24,
    5,
    55,
    82,
    54,
    31,
    72,
    35,
    4,
    79,
    68,
    84,
    32,
    49,
    75,
    92,
    29,
    38,
    10,
    1,
    57,
    21,
    89,
    85,
    46,
    39,
    8,
    9,
    44,
    99,
    90,
    7,
    26,
    58,
    76,
    2,
    40,
    17,
    19,
    12,
    70,
    42,
    94,
    88,
    78,
    36,
    22,
    52,
    101,
    13,
    59,
    48,
    67,
    33,
    6,
    64,
    15,
    69,
    20,
    81,
    87,
    62,
    60
  ],
  "best_score": 25095.47780091608,
  "best_info": {
    "total_distance": 25095.47780091608,
    "infeasible_count": 0,
    "routes": [
      {
        "route": [
          43,
          28,
          23,
          56,
          11,
          45,
          27,
          16,
          73,
          50,
          93,
          95,
          98,
          65,
          25,
          18,
          66,
          61,
          3,
          37,
          74,
          53,
          63,
          96,
          80,
          97,
          41,
          30
        ],
        "distance": 7701.698730008807,
        "feasible": true,
        "boxes_total": 48,
        "boxes_packed": 48,
        "fill_rate": 0.17482202793209878
      },
      {
        "route": [
          91,
          34,
          51,
          47,
          77,
          71,
          100,
          86,
          14,
          83,
          24,
          5,
          55,
          82,
          54,
          31,
          72,
          35,
          4,
          79,
          68,
          84,
          32,
          49,
          75,
          92,
          29,
          38,
          10,
          1
        ],
        "distance": 7304.7445738852675,
        "feasible": true,
        "boxes_total": 48,
        "boxes_packed": 48,
        "fill_rate": 0.1185665111111111
      },
      {
        "route": [
          57,
          21,
          89,
          85,
          46,
          39,
          8,
          9,
          44,
          99,
          90,
          7,
          26,
          58,
          76,
          2,
          40,
          17,
          19,
          12,
          70,
          42,
          94,
          88,
          78,
          36,
          22,
          52,
          101
        ],
        "distance": 5984.185601393066,
        "feasible": true,
        "boxes_total": 48,
        "boxes_packed": 48,
        "fill_rate": 0.39962156265432097
      },
      {
        "route": [
          13,
          59,
          48,
          67,
          33,
          6,
          64,
          15,
          69,
          20,
          81,
          87,
          62,
          60
        ],
        "distance": 4104.848895628942,
        "feasible": true,
        "boxes_total": 26,
        "boxes_packed": 26,
        "fill_rate": 0.11621611805555555
      }
    ]
  },
  "history": [
    48486.60258684639,
    48486.60258684639,
    48486.60258684639,
    47465.92321330923,
    47427.44979996263,
    45914.36011352134,
    45914.36011352134,
    45734.57268391548,
    44954.450108157325,
    44954.450108157325,
    44788.347109237875,
    44213.07612530494,
    43747.99286888447,
    43668.841109149165,
    43623.47479218703,
    41553.39106169295,
    41553.39106169295,
    41553.39106169295,
    41553.39106169295,
    40200.76964164657,
    39971.5404111332,
    39971.5404111332,
    39740.9751898556,
    39740.9751898556,
    39290.40826386776,
    38492.43456834892,
    38492.43456834892,
    38440.53873270299,
    38211.25207309994,
    37622.997398423875,
    37043.37963888867,
    37043.37963888867,
    36682.92125788162,
    36597.33867957816,
    36397.91648933852,
    36079.66067210109,
    35499.74508887379,
    35499.74508887379,
    35221.02058387901,
    35221.02058387901,
    35015.603821155106,
    35015.603821155106,
    35015.603821155106,
    35015.603821155106,
    35015.603821155106,
    34485.63156033652,
    34485.63156033652,
    34485.63156033652,
    34485.63156033652,
    34485.63156033652,
    34485.63156033652,
    34455.030593969466,
    34339.18266967794,
    34313.83579106847,
    34082.19557243806,
    33072.813418780665,
    33072.813418780665,
    33072.813418780665,
    33035.89649100245,
    33018.40629075738,
    33018.40629075738,
    33018.40629075738,
    32705.358968493652,
    32705.358968493652,
    32705.358968493652,
    32694.579298340424,
    32593.33116961124,
    32593.33116961124,
    32593.33116961124,
    32593.33116961124,
    32419.547950279903,
    31889.2713342422,
    31889.2713342422,
    31889.2713342422,
    31864.740321637066,
    31258.239333903985,
    31258.239333903985,
    31258.239333903985,
    31258.239333903985,
    31110.055591010787,
    31110.055591010787,
    31110.055591010787,
    31110.055591010787,
    30937.80416838055,
    30937.80416838055,
    30727.14960257466,
    30727.14960257466,
    30727.14960257466,
    30464.448628840924,
    30464.448628840924,
    30448.480822048874,
    30448.480822048874,
    30448.480822048874,
    30448.480822048874,
    30285.35829649258,
    30285.35829649258,
    30285.35829649258,
    30285.35829649258,
    30243.18260307236,
    30243.18260307236,
    30243.18260307236,
    30080.060077516067,
    29863.955888763652,
    29863.955888763652,
    29863.955888763652,
    29863.955888763652,
    29863.955888763652,
    29863.955888763652,
    29687.48170090066,
    29687.48170090066,
    29687.48170090066,
    29687.48170090066,
    29583.427629792484,
    29583.427629792484,
    29583.427629792484,
    29348.812576380384,
    29348.812576380384,
    29127.661809775334,
    29127.661809775334,
    29127.661809775334,
    29127.661809775334,
    28998.08099704468,
    28998.08099704468,
    28894.81771633197,
    28828.73888974703,
    28828.73888974703,
    28828.73888974703,
    28788.889478136276,
    28788.889478136276,
    28654.800393541394,
    28654.800393541394,
    28654.800393541394,
    28540.879964957472,
    28540.879964957472,
    28536.24601809738,
    28536.24601809738,
    28235.727948459193,
    28235.727948459193,
    28235.727948459193,
    28087.701839760943,
    28087.701839760943,
    28087.701839760943,
    28087.701839760943,
    27814.796910799232,
    27814.796910799232,
    27814.796910799232,
    27814.796910799232,
    27814.796910799232,
    27814.796910799232,
    27814.796910799232,
    27814.796910799232,
    27814.796910799232,
    27766.897790435578,
    27766.897790435578,
    27766.897790435578,
    27766.897790435578,
    27766.897790435578,
    27766.897790435578,
    27766.897790435578,
    27766.897790435578,
    27654.003952703773,
    27654.003952703773,
    27654.003952703773,
    27515.188281606963,
    27515.188281606963,
    27515.188281606963,
    27515.188281606963,
    27515.188281606963,
    27515.188281606963,
    27515.188281606963,
    27441.944541430297,
    27227.653898049655,
    27227.653898049655,
    27227.653898049655,
    27196.27425056035,
    27196.27425056035,
    27196.27425056035,
    27196.27425056035,
    27176.53502326661,
    27059.875445957303,
    27059.875445957303,
    27059.875445957303,
    26993.160654032396,
    26993.160654032396,
    26993.160654032396,
    26993.160654032396,
    26993.160654032396,
    26993.160654032396,
    25884.794298380824,
    25884.794298380824,
    25884.794298380824,
    25884.794298380824,
    25884.794298380824,
    25884.794298380824,
    25881.456456250628,
    25859.76574771638,
    25853.377528452045,
    25697.673534161244,
    25697.673534161244,
    25095.47780091608
  ],
  "duration": 42.22635626792908
}