{
  "best_order": [
    89,
    43,
    20,
    24,
    39,
    42,
    62,
    87,
    67,
    90,
    99,
    25,
    97,
    41,
    36,
    10,
    51,
    22,
    82,
    54,
    55,
    19,
    5,
    12,
    60,
    30,
    101,
    53,
    73,
    47,
    16,
    68,
    98,
    33,
    74,
    84,
    3,
    81,
    61,
    66,
    85,
    46,
    76,
    40,
    17,
    94,
    31,
    70,
    18,
    15,
    11,
    57,
    95,
    35,
    13,
    1,
    75,
    52,
    65,
    32,
    7,
    8,
    77,
    2,
    69,
    58,
    26,
    44,
    45,
    6,
    27,
    100,
    23,
    28,
    83,
    80,
    78,
    63,
    96,
    29,
    93,
    56,
    21,
    72,
    64,
    49,
    34,
    91,
    38,
    79,
    92,
    4,
    50,
    37,
    48,
    59,
    9,
    88,
    71,
    86,
    14
  ],
  "best_score": 23222.737350484404,
  "best_info": {
    "total_distance": 23222.737350484404,
    "infeasible_count": 0,
    "routes": [
      {
        "route": [
          89,
          43,
          20,
          24,
          39,
          42,
          62,
          87,
          67,
          90,
          99,
          25,
          97,
          41,
          36,
          10,
          51,
          22,
          82,
          54,
          55,
          19,
          5,
          12,
          60,
          30,
          101
        ],
        "distance": 6573.509037661896,
        "feasible": true,
        "boxes_total": 47,
        "boxes_packed": 47,
        "fill_rate": 0.06317619429012346
      },
      {
        "route": [
          53,
          73,
          47,
          16,
          68,
          98,
          33,
          74,
          84,
          3,
          81,
          61,
          66,
          85,
          46,
          76,
          40,
          17,
          94,
          31,
          70,
          18,
          15,
          11,
          57,
          95,
          35,
          13,
          1
        ],
        "distance": 5543.9838033696915,
        "feasible": true,
        "boxes_total": 48,
        "boxes_packed": 48,
        "fill_rate": 0.3431778277777778
      },
      {
        "route": [
          75,
          52,
          65,
          32,
          7,
          8,
          77,
          2,
          69,
          58,
          26,
          44,
          45,
          6,
          27,
          100,
          23,
          28,
          83,
          80,
          78,
          63,
          96,
          29,
          93,
          56,
          21,
          72
        ],
        "distance": 6880.599701796181,
        "feasible": true,
        "boxes_total": 47,
        "boxes_packed": 47,
        "fill_rate": 0.34241803086419753
      },
      {
        "route": [
          64,
          49,
          34,
          91,
          38,
          79,
          92,
          4,
          50,
          37,
          48,
          59,
          9,
          88,
          71,
          86,
          14
        ],
        "distance": 4224.644807656634,
        "feasible": true,
        "boxes_total": 28,
        "boxes_packed": 28,
        "fill_rate": 0.060454166820987656
      }
    ]
  },
  "history": [
    49947.222687179936,
    48650.895368109814,
    46693.31335752537,
    46693.31335752537,
    45956.05850850091,
    45132.70199419315,
    45132.70199419315,
    44712.64833427648,
    44241.555761130185,
    44241.555761130185,
    44129.96721870086,
    43190.09474401542,
    42668.87036084562,
    42268.640956293515,
    40556.18644964024,
    40528.447248964345,
    40401.42247922223,
    40190.55255595015,
    38363.0468693586,
    38363.0468693586,
    38363.0468693586,
    38031.088156923324,
    37869.698220670965,
    37575.28165940722,
    35973.86007530345,
    35973.86007530345,
    35780.91153393994,
    35433.513248650095,
    34983.04329818986,
    34515.006401652005,
    34461.9898607784,
    34461.9898607784,
    34387.20189501294,
    33856.777042224145,
    33856.777042224145,
    33856.777042224145,
    33856.777042224145,
    33017.47167653851,
    33017.47167653851,
    33017.47167653851,
    33017.47167653851,
    32953.910981980625,
    32836.654697781225,
    32737.329948978982,
    32737.329948978982,
    32586.340332151667,
    32586.340332151667,
    31762.628796898483,
    31762.628796898483,
    31762.628796898483,
    31561.988438170243,
    31561.988438170243,
    31561.988438170243,
    31200.3554958659,
    31200.3554958659,
    31051.55097484194,
    31051.55097484194,
    30433.05285075604,
    30433.05285075604,
    30433.05285075604,
    30433.05285075604,
    30230.151499433818,
    30230.151499433818,
    30230.151499433818,
    29960.504919855113,
    29960.504919855113,
    29960.504919855113,
    29826.922810021468,
    29777.190237649407,
    29777.190237649407,
    29469.2368842063,
    29469.2368842063,
    29364.940099427597,
    29268.82340379615,
    29268.82340379615,
    29268.82340379615,
    29268.82340379615,
    29129.240028916607,
    29129.240028916607,
    29129.240028916607,
    29129.240028916607,
    29129.240028916607,
    29074.343672501218,
    29074.343672501218,
    28996.773750721844,
    28822.59866336422,
    28822.59866336422,
    28507.150080848143,
    28507.150080848143,
    28507.150080848143,
    28507.150080848143,
    28492.04617710632,
    27986.088594435496,
    27986.088594435496,
    27986.088594435496,
    27986.088594435496,
    27970.64942280153,
    27794.25307438992,
    27770.473296413387,
    27770.473296413387,
    27770.473296413387,
    27770.473296413387,
    27770.473296413387,
    27548.24698901766,
    27548.24698901766,
    27548.24698901766,
    27548.24698901766,
    27499.75050685447,
    27499.75050685447,
    27499.75050685447,
    27499.75050685447,
    27499.75050685447,
    27499.75050685447,
    27414.329852843533,
    26926.95795668753,
    26926.95795668753,
    26926.95795668753,
    26926.95795668753,
    26650.7289256781,
    26396.03593000872,
    26396.03593000872,
    26396.03593000872,
    26396.03593000872,
    26396.03593000872,
    26346.962201394705,
    26268.751697061067,
    26268.751697061067,
    26139.73274582356,
    26139.73274582356,
    26068.658208501824,
    26068.658208501824,
    26062.788437118645,
    26062.788437118645,
    25931.144226279845,
    25931.144226279845,
    25931.144226279845,
    25746.994824228197,
    25746.994824228197,
    25746.994824228197,
    25746.994824228197,
    25677.279350879027,
    25677.279350879027,
    25677.279350879027,
    25677.279350879027,
    25677.279350879027,
    25597.71234074112,
    25597.71234074112,
    25563.792447095515,
    25563.792447095515,
    25563.792447095515,
    25117.943479489586,
    25117.943479489586,
    25049.889948853524,
    25049.889948853524,
    24946.436987202862,
    24946.436987202862,
    24907.563232854925,
    24907.563232854925,
    24907.563232854925,
    24724.78500065516,
    24724.78500065516,
    24724.78500065516,
    24711.109675929554,
    24657.321930219274,
    24619.405730109283,
    24619.405730109283,
    24619.405730109283,
    24608.19814379533,
    24608.19814379533,
    24608.19814379533,
    24608.19814379533,
    24326.466173826688,
    24326.466173826688,
    24326.466173826688,
    24326.466173826688,
    24326.466173826688,
    24253.6804310062,
    24253.6804310062,
    24253.6804310062,
    24235.431667905505,
    24235.431667905505,
    24119.0538486644,
    23859.60832684243,
    23859.60832684243,
    23859.60832684243,
    23859.60832684243,
    23859.60832684243,
    23809.572423543264,
    23809.572423543264,
    23693.194604302156,
    23551.5792650805,
    23483.160608415106,
    23483.160608415106,
    23483.160608415106,
    23483.160608415106,
    23431.870964142836,
    23431.870964142836,
    23431.870964142836,
    23431.870964142836,
    23222.737350484404
  ],
  "duration": 43.5519015789032
}