{
  "best_order": [
    15,
    22,
    48,
    78,
    84,
    23,
    56,
    72,
    33,
    69,
    20,
    71,
    43,
    28,
    83,
    19,
    55,
    54,
    18,
    41,
    25,
    70,
    7,
    32,
    45,
    6,
    27,
    47,
    99,
    44,
    65,
    30,
    17,
    42,
    12,
    80,
    52,
    101,
    64,
    75,
    53,
    92,
    50,
    93,
    29,
    38,
    37,
    77,
    40,
    39,
    24,
    62,
    87,
    2,
    8,
    11,
    1,
    13,
    90,
    74,
    10,
    51,
    21,
    85,
    14,
    94,
    82,
    97,
    49,
    34,
    91,
    36,
    96,
    81,
    66,
    86,
    89,
    100,
    68,
    9,
    88,
    76,
    60,
    31,
    5,
    26,
    16,
    57,
    35,
    98,
    4,
    79,
    95,
    73,
    67,
    63,
    59,
    58,
    3,
    61,
    46
  ],
  "best_score": 23349.997086154835,
  "best_info": {
    "total_distance": 23349.997086154835,
    "infeasible_count": 0,
    "routes": [
      {
        "route": [
          15,
          22,
          48,
          78,
          84,
          23,
          56,
          72,
          33,
          69,
          20,
          71,
          43,
          28,
          83,
          19,
          55,
          54,
          18,
          41,
          25,
          70,
          7,
          32,
          45,
          6,
          27
        ],
        "distance": 6249.990639212413,
        "feasible": true,
        "boxes_total": 48,
        "boxes_packed": 48,
        "fill_rate": 0.17512663580246915
      },
      {
        "route": [
          47,
          99,
          44,
          65,
          30,
          17,
          42,
          12,
          80,
          52,
          101,
          64,
          75,
          53,
          92,
          50,
          93,
          29,
          38,
          37,
          77,
          40,
          39,
          24,
          62,
          87,
          2,
          8
        ],
        "distance": 5920.511364846958,
        "feasible": true,
        "boxes_total": 48,
        "boxes_packed": 48,
        "fill_rate": 0.2871569711419753
      },
      {
        "route": [
          11,
          1,
          13,
          90,
          74,
          10,
          51,
          21,
          85,
          14,
          94,
          82,
          97,
          49,
          34,
          91,
          36,
          96,
          81,
          66,
          86,
          89,
          100,
          68,
          9,
          88,
          76,
          60,
          31,
          5,
          26
        ],
        "distance": 7666.7818140012305,
        "feasible": true,
        "boxes_total": 48,
        "boxes_packed": 48,
        "fill_rate": 0.28690358549382716
      },
      {
        "route": [
          16,
          57,
          35,
          98,
          4,
          79,
          95,
          73,
          67,
          63,
          59,
          58,
          3,
          61,
          46
        ],
        "distance": 3512.713268094236,
        "feasible": true,
        "boxes_total": 26,
        "boxes_packed": 26,
        "fill_rate": 0.060039027314814815
      }
    ]
  },
  "history": [
    48364.14696113581,
    48364.14696113581,
    47291.95669958339,
    46462.150760959536,
    46198.51453452195,
    45216.00017127713,
    45180.313199032295,
    43483.5843506423,
    43483.5843506423,
    42923.84014516269,
    42923.84014516269,
    42218.23194560943,
    42218.23194560943,
    41947.36436750264,
    41774.22804704563,
    41516.099273278334,
    40773.04449047759,
    40529.04724686626,
    40376.76524261356,
    39620.93671455963,
    38199.90627933411,
    38199.90627933411,
    38199.90627933411,
    37602.43690848676,
    37602.43690848676,
    37567.88643646463,
    36551.13278434144,
    36406.07105097407,
    36406.07105097407,
    35458.308704558636,
    35150.89251669288,
    35150.89251669288,
    34945.45274245474,
    34431.247275494505,
    34212.854281844026,
    33979.97052724918,
    33979.97052724918,
    33539.177598592025,
    33539.177598592025,
    33539.177598592025,
    32841.708470514444,
    32841.708470514444,
    32675.749922180657,
    32675.749922180657,
    32256.186240556606,
    32193.84515078701,
    31932.260278480026,
    31785.620329612353,
    31745.79848450653,
    31745.79848450653,
    31495.718887688774,
    31370.800231619345,
    31098.575978921097,
    31098.575978921097,
    31098.575978921097,
    31098.575978921097,
    31098.575978921097,
    30424.07475667151,
    30424.07475667151,
    30424.07475667151,
    30350.218069804952,
    30350.218069804952,
    30283.70685749754,
    30216.939713952357,
    30216.939713952357,
    30165.30415364472,
    30073.449395880405,
    30003.25781562026,
    29587.108108476074,
    29392.34746113069,
    29392.34746113069,
    29392.34746113069,
    29334.546097140857,
    29192.49133159945,
    29192.49133159945,
    28685.155706909853,
    28685.155706909853,
    28685.155706909853,
    28685.155706909853,
    28685.155706909853,
    28659.941867641257,
    28612.256856360316,
    28549.67812939354,
    28025.48466034783,
    28025.48466034783,
    27664.31404266597,
    27613.424170167662,
    27613.424170167662,
    27613.424170167662,
    27613.424170167662,
    27613.424170167662,
    27589.579659695202,
    27589.579659695202,
    27337.90443929209,
    27337.90443929209,
    27337.90443929209,
    27337.90443929209,
    27337.90443929209,
    27337.90443929209,
    27337.90443929209,
    27337.90443929209,
    27173.22977607329,
    27173.22977607329,
    27032.2106121557,
    27032.2106121557,
    27032.2106121557,
    27032.2106121557,
    27032.2106121557,
    26747.50783994252,
    26747.50783994252,
    26747.50783994252,
    26747.50783994252,
    26718.51441908296,
    26453.4192466326,
    26453.4192466326,
    26453.4192466326,
    26311.411492764626,
    26114.06623204435,
    26092.160976592008,
    26092.160976592008,
    26040.900537383972,
    26040.900537383972,
    26040.900537383972,
    26040.900537383972,
    26030.273079906638,
    26030.273079906638,
    25999.171164037274,
    25999.171164037274,
    25999.171164037274,
    25948.392382543097,
    25948.392382543097,
    25860.192015457887,
    25860.192015457887,
    25860.192015457887,
    25860.192015457887,
    25860.192015457887,
    25860.192015457887,
    25860.192015457887,
    25842.53388992673,
    25842.53388992673,
    25842.53388992673,
    25842.53388992673,
    25501.931224007723,
    25501.931224007723,
    25501.931224007723,
    25483.355429592375,
    25483.355429592375,
    25483.355429592375,
    25483.355429592375,
    25179.75321074247,
    25179.75321074247,
    25079.718497700193,
    25079.718497700193,
    25061.142703284844,
    25061.142703284844,
    24944.026713634776,
    24931.02657276002,
    24931.02657276002,
    24893.49684472216,
    24893.49684472216,
    24893.49684472216,
    24751.678414869893,
    24751.678414869893,
    24751.678414869893,
    24751.678414869893,
    24459.71932813256,
    24459.71932813256,
    24459.71932813256,
    24459.71932813256,
    24262.55247005984,
    24262.55247005984,
    24262.55247005984,
    24262.55247005984,
    24262.55247005984,
    24164.252542233153,
    23851.68606534021,
    23851.68606534021,
    23851.68606534021,
    23851.68606534021,
    23851.68606534021,
    23746.05360295416,
    23746.05360295416,
    23665.891111350065,
    23665.891111350065,
    23665.891111350065,
    23665.891111350065,
    23614.5221812058,
    23478.862970465852,
    23478.862970465852,
    23478.862970465852,
    23478.862970465852,
    23478.862970465852,
    23478.862970465852,
    23474.063146990622,
    23474.063146990622,
    23349.997086154835,
    23349.997086154835,
    23349.997086154835,
    23349.997086154835,
    23349.997086154835
  ],
  "duration": 42.773009061813354
}