{
  "best_order": [
    63,
    57,
    92,
    50,
    4,
    73,
    51,
    64,
    6,
    49,
    22,
    80,
    77,
    40,
    61,
    86,
    81,
    85,
    46,
    60,
    39,
    83,
    69,
    70,
    59,
    98,
    93,
    29,
    53,
    91,
    89,
    14,
    12,
    30,
    65,
    41,
    62,
    100,
    3,
    9,
    78,
    48,
    96,
    68,
    84,
    88,
    90,
    11,
    27,
    36,
    26,
    58,
    43,
    28,
    71,
    20,
    2,
    8,
    97,
    82,
    55,
    54,
    7,
    25,
    32,
    5,
    19,
    87,
    66,
    31,
    76,
    99,
    75,
    45,
    34,
    16,
    37,
    74,
    21,
    56,
    23,
    35,
    33,
    72,
    38,
    79,
    95,
    1,
    10,
    47,
    67,
    52,
    101,
    15,
    18,
    42,
    24,
    17,
    94,
    13,
    44
  ],
  "best_score": 23863.75606671717,
  "best_info": {
    "total_distance": 23863.75606671717,
    "infeasible_count": 0,
    "routes": [
      {
        "route": [
          63,
          57,
          92,
          50,
          4,
          73,
          51,
          64,
          6,
          49,
          22,
          80,
          77,
          40,
          61,
          86,
          81,
          85,
          46,
          60,
          39,
          83,
          69,
          70,
          59,
          98,
          93,
          29,
          53,
          91
        ],
        "distance": 6795.378475553018,
        "feasible": true,
        "boxes_total": 48,
        "boxes_packed": 48,
        "fill_rate": 0.17481608148148148
      },
      {
        "route": [
          89,
          14,
          12,
          30,
          65,
          41,
          62,
          100,
          3,
          9,
          78,
          48,
          96,
          68,
          84,
          88,
          90,
          11,
          27,
          36,
          26,
          58,
          43,
          28,
          71,
          20,
          2,
          8
        ],
        "distance": 7526.135662534643,
        "feasible": true,
        "boxes_total": 48,
        "boxes_packed": 48,
        "fill_rate": 0.17560469799382716
      },
      {
        "route": [
          97,
          82,
          55,
          54,
          7,
          25,
          32,
          5,
          19,
          87,
          66,
          31,
          76,
          99,
          75,
          45,
          34,
          16,
          37,
          74,
          21,
          56,
          23,
          35,
          33,
          72,
          38,
          79,
          95
        ],
        "distance": 6721.841442718997,
        "feasible": true,
        "boxes_total": 48,
        "boxes_packed": 48,
        "fill_rate": 0.2307171310185185
      },
      {
        "route": [
          1,
          10,
          47,
          67,
          52,
          101,
          15,
          18,
          42,
          24,
          17,
          94,
          13,
          44
        ],
        "distance": 2820.4004859105107,
        "feasible": true,
        "boxes_total": 26,
        "boxes_packed": 26,
        "fill_rate": 0.22808830925925927
      }
    ]
  },
  "history": [
    48281.652003019255,
    48281.652003019255,
    48281.652003019255,
    47611.91691071619,
    46670.23194985974,
    46628.52754802011,
    45495.00149401446,
    44251.202168684875,
    43465.958464244555,
    43465.958464244555,
    43201.68757229326,
    43201.68757229326,
    42919.8366832028,
    41934.55237118763,
    40965.81455623872,
    39898.881531667175,
    39898.881531667175,
    39220.49541498416,
    37930.51979162685,
    37930.51979162685,
    37930.51979162685,
    37697.50770612353,
    37346.326819011665,
    37341.80444798726,
    35835.51848934949,
    35835.51848934949,
    35835.51848934949,
    35620.17836184352,
    35319.01988266754,
    35319.01988266754,
    34789.7509999067,
    34789.7509999067,
    34789.7509999067,
    34708.372944056224,
    34398.73304071513,
    33521.84379356551,
    33116.60187796231,
    33116.60187796231,
    32932.86485779049,
    32932.86485779049,
    32852.506460766956,
    32176.675875809247,
    32176.675875809247,
    32176.675875809247,
    31980.27288825201,
    31690.000168393337,
    31690.000168393337,
    31475.52507668871,
    31475.52507668871,
    31009.669499431773,
    30822.536152518325,
    30822.536152518325,
    30822.536152518325,
    30812.553622208645,
    30812.553622208645,
    30812.553622208645,
    30812.553622208645,
    30740.525846615295,
    30576.92836221768,
    30300.205394974662,
    30239.82227637308,
    30239.82227637308,
    30239.82227637308,
    30239.82227637308,
    30124.406914906365,
    29989.328852553357,
    29989.328852553357,
    29648.217856600037,
    29648.217856600037,
    29648.217856600037,
    29648.217856600037,
    29648.217856600037,
    29537.61064768512,
    29397.227329959227,
    29397.227329959227,
    29397.227329959227,
    29133.414589186585,
    29133.414589186585,
    29133.414589186585,
    29133.414589186585,
    28871.256277872235,
    28871.256277872235,
    28871.256277872235,
    28695.699079252914,
    28695.699079252914,
    28690.34298333054,
    28518.85640885736,
    28465.18674248895,
    28209.688861980438,
    28209.688861980438,
    28209.688861980438,
    28076.35056252974,
    27818.875025939407,
    27818.875025939407,
    27818.875025939407,
    27772.894688518758,
    27749.276807749942,
    27749.276807749942,
    27749.276807749942,
    27568.36351320825,
    27568.36351320825,
    27568.36351320825,
    27568.36351320825,
    27568.36351320825,
    27489.112673710755,
    27408.681007256433,
    27408.681007256433,
    27292.696109439727,
    27292.696109439727,
    27047.234938545647,
    27047.234938545647,
    26914.869977069287,
    26914.869977069287,
    26850.81837427462,
    26847.420809412644,
    26847.420809412644,
    26528.352402980738,
    26528.352402980738,
    26528.352402980738,
    26528.352402980738,
    26528.352402980738,
    26528.352402980738,
    26528.352402980738,
    26528.352402980738,
    26528.352402980738,
    26528.352402980738,
    26524.954838118763,
    26396.505709298086,
    26396.505709298086,
    26187.04264120395,
    26187.04264120395,
    26050.920499603577,
    26050.920499603577,
    26050.920499603577,
    26050.920499603577,
    26050.920499603577,
    26050.920499603577,
    25950.096358609386,
    25950.096358609386,
    25950.096358609386,
    25950.096358609386,
    25950.096358609386,
    25950.096358609386,
    25873.94666155723,
    25873.94666155723,
    25873.94666155723,
    25614.434703367755,
    25614.434703367755,
    25614.434703367755,
    25614.434703367755,
    25614.434703367755,
    25254.169109603754,
    25254.169109603754,
    25254.169109603754,
    25254.169109603754,
    25205.03028150397,
    25205.03028150397,
    25205.03028150397,
    25175.25658780339,
    25175.25658780339,
    25175.25658780339,
    25175.25658780339,
    25175.25658780339,
    25175.25658780339,
    25100.745517889056,
    25100.745517889056,
    25100.745517889056,
    25100.745517889056,
    25090.39319204834,
    25072.539989604964,
    24784.258976369732,
    24784.258976369732,
    24784.258976369732,
    24784.258976369732,
    24746.06705367719,
    24746.06705367719,
    24746.06705367719,
    24746.06705367719,
    24682.73673748113,
    24682.358247039076,
    24682.358247039076,
    24682.358247039076,
    24682.358247039076,
    24675.542144386247,
    24626.300787708402,
    24293.719057456918,
    24293.719057456918,
    24179.057417468313,
    24179.057417468313,
    24179.057417468313,
    24002.528690126772,
    24002.528690126772,
    24002.528690126772,
    24002.528690126772,
    24002.528690126772,
    23863.75606671717,
    23863.75606671717,
    23863.75606671717,
    23863.75606671717,
    23863.75606671717
  ],
  "duration": 40.270373582839966
}