{
  "best_order": [
    69,
    94,
    82,
    97,
    58,
    52,
    101,
    25,
    18,
    8,
    84,
    92,
    79,
    73,
    16,
    26,
    42,
    60,
    5,
    62,
    20,
    37,
    91,
    34,
    75,
    6,
    49,
    51,
    44,
    40,
    46,
    66,
    17,
    39,
    67,
    48,
    35,
    38,
    93,
    29,
    71,
    23,
    100,
    3,
    88,
    74,
    57,
    13,
    76,
    83,
    24,
    87,
    14,
    61,
    85,
    89,
    86,
    81,
    99,
    1,
    65,
    80,
    96,
    63,
    53,
    98,
    72,
    33,
    56,
    21,
    68,
    95,
    4,
    50,
    9,
    77,
    2,
    28,
    43,
    10,
    47,
    90,
    59,
    78,
    27,
    41,
    36,
    11,
    45,
    64,
    15,
    22,
    30,
    32,
    7,
    55,
    70,
    31,
    12,
    19,
    54
  ],
  "best_score": 23107.55791700189,
  "best_info": {
    "total_distance": 23107.55791700189,
    "infeasible_count": 0,
    "routes": [
      {
        "route": [
          69,
          94,
          82,
          97,
          58,
          52,
          101,
          25,
          18,
          8,
          84,
          92,
          79,
          73,
          16,
          26,
          42,
          60,
          5,
          62,
          20,
          37,
          91,
          34,
          75,
          6,
          49,
          51,
          44
        ],
        "distance": 7756.214017811348,
        "feasible": true,
        "boxes_total": 48,
        "boxes_packed": 48,
        "fill_rate": 0.2313184223765432
      },
      {
        "route": [
          40,
          46,
          66,
          17,
          39,
          67,
          48,
          35,
          38,
          93,
          29,
          71,
          23,
          100,
          3,
          88,
          74,
          57,
          13,
          76,
          83,
          24,
          87,
          14,
          61,
          85,
          89,
          86,
          81,
          99
        ],
        "distance": 5953.863825455489,
        "feasible": true,
        "boxes_total": 47,
        "boxes_packed": 47,
        "fill_rate": 0.3431072666666667
      },
      {
        "route": [
          1,
          65,
          80,
          96,
          63,
          53,
          98,
          72,
          33,
          56,
          21,
          68,
          95,
          4,
          50,
          9,
          77,
          2,
          28,
          43,
          10,
          47,
          90,
          59,
          78,
          27,
          41,
          36
        ],
        "distance": 6244.98003604694,
        "feasible": true,
        "boxes_total": 48,
        "boxes_packed": 48,
        "fill_rate": 0.17532740632716048
      },
      {
        "route": [
          11,
          45,
          64,
          15,
          22,
          30,
          32,
          7,
          55,
          70,
          31,
          12,
          19,
          54
        ],
        "distance": 3152.5000376881153,
        "feasible": true,
        "boxes_total": 27,
        "boxes_packed": 27,
        "fill_rate": 0.05947312438271605
      }
    ]
  },
  "history": [
    48522.201124835425,
    48522.201124835425,
    47408.82689806014,
    46143.550595900706,
    45623.94789936396,
    45141.93236054565,
    43700.515604647015,
    43700.515604647015,
    43200.54292147501,
    43067.45332549122,
    42288.99279087207,
    42288.99279087207,
    42288.99279087207,
    41992.47475783268,
    41710.38818183336,
    41425.50208488781,
    40805.75934240408,
    40555.05289055648,
    39888.11469552206,
    39888.11469552206,
    39888.11469552206,
    39888.11469552206,
    39593.0513661834,
    39176.000534576015,
    39176.000534576015,
    38243.00125104363,
    38243.00125104363,
    38149.067576124704,
    38003.55546601547,
    37864.35392417542,
    37534.753888223044,
    36360.34085856529,
    36360.34085856529,
    36310.22862458453,
    36310.22862458453,
    35035.18054396518,
    35035.18054396518,
    34959.39936533165,
    33782.479902837345,
    33595.230726402275,
    33595.230726402275,
    33510.78197979673,
    33510.78197979673,
    33277.60291780197,
    32762.473103530094,
    32762.473103530094,
    32762.473103530094,
    32245.24579009763,
    32245.24579009763,
    32245.24579009763,
    32079.017354274554,
    31752.4398856373,
    31752.4398856373,
    31128.979464572072,
    30983.49801766465,
    30983.49801766465,
    30983.49801766465,
    30983.49801766465,
    30804.47278605886,
    30733.273303531176,
    30141.14722327385,
    29986.7627077778,
    29986.7627077778,
    29986.7627077778,
    29569.626963667906,
    29569.626963667906,
    29245.40163195232,
    29245.40163195232,
    29245.40163195232,
    29245.40163195232,
    29245.40163195232,
    29245.40163195232,
    29245.40163195232,
    29217.93034745105,
    28994.62332943183,
    28994.62332943183,
    28994.62332943183,
    28858.04696654922,
    28207.834051461577,
    28120.260070924727,
    28120.260070924727,
    28120.260070924727,
    28120.260070924727,
    28120.260070924727,
    27963.664725244715,
    27935.599117664002,
    27935.599117664002,
    27602.814287959456,
    27602.814287959456,
    27582.92040156355,
    27582.92040156355,
    27280.380940565097,
    27280.380940565097,
    27280.380940565097,
    27280.380940565097,
    27000.192412269946,
    27000.192412269946,
    27000.192412269946,
    27000.192412269946,
    27000.192412269946,
    26755.207482266873,
    26755.207482266873,
    26699.94507877701,
    26437.00757261362,
    26437.00757261362,
    26437.00757261362,
    26437.00757261362,
    26437.00757261362,
    26437.00757261362,
    26437.00757261362,
    26437.00757261362,
    26437.00757261362,
    26182.08673357625,
    26182.08673357625,
    26182.08673357625,
    26182.08673357625,
    26075.8868838224,
    25985.362907937055,
    25985.362907937055,
    25789.111004110502,
    25789.111004110502,
    25789.111004110502,
    25669.375521089805,
    25669.375521089805,
    25669.375521089805,
    25669.375521089805,
    25541.269350807914,
    25541.269350807914,
    25541.269350807914,
    25541.269350807914,
    24937.170380775377,
    24937.170380775377,
    24937.170380775377,
    24937.170380775377,
    24937.170380775377,
    24937.170380775377,
    24937.170380775377,
    24715.92306771443,
    24715.92306771443,
    24715.92306771443,
    24621.430434533147,
    24621.430434533147,
    24621.430434533147,
    24621.430434533147,
    24445.421207992076,
    24445.421207992076,
    24445.421207992076,
    24412.47578478552,
    24412.47578478552,
    24412.47578478552,
    24412.47578478552,
    23953.43082403663,
    23953.43082403663,
    23933.863294058458,
    23933.863294058458,
    23933.863294058458,
    23933.863294058458,
    23933.863294058458,
    23933.863294058458,
    23933.863294058458,
    23933.863294058458,
    23933.863294058458,
    23933.863294058458,
    23933.863294058458,
    23839.804681854985,
    23839.804681854985,
    23839.804681854985,
    23839.804681854985,
    23839.804681854985,
    23839.804681854985,
    23781.667935383022,
    23781.667935383022,
    23781.667935383022,
    23781.667935383022,
    23781.667935383022,
    23548.92829042144,
    23548.92829042144,
    23548.92829042144,
    23548.92829042144,
    23548.92829042144,
    23548.92829042144,
    23548.92829042144,
    23548.92829042144,
    23548.92829042144,
    23548.92829042144,
    23510.924040803802,
    23510.924040803802,
    23510.924040803802,
    23510.924040803802,
    23510.924040803802,
    23389.81782900415,
    23389.81782900415,
    23389.81782900415,
    23218.392900834675,
    23217.232163125296,
    23217.232163125296,
    23217.232163125296,
    23107.55791700189,
    23107.55791700189,
    23107.55791700189
  ],
  "duration": 48.89407801628113
}