{
  "best_order": [
    15,
    52,
    32,
    13,
    92,
    4,
    29,
    98,
    53,
    95,
    50,
    79,
    73,
    16,
    10,
    33,
    3,
    85,
    87,
    26,
    101,
    45,
    6,
    1,
    44,
    37,
    74,
    57,
    99,
    63,
    77,
    88,
    35,
    65,
    54,
    55,
    82,
    97,
    36,
    67,
    96,
    9,
    12,
    5,
    42,
    31,
    76,
    23,
    28,
    43,
    84,
    72,
    68,
    38,
    93,
    90,
    59,
    47,
    27,
    80,
    8,
    58,
    2,
    61,
    89,
    14,
    66,
    83,
    94,
    62,
    19,
    7,
    75,
    64,
    49,
    22,
    70,
    39,
    81,
    86,
    20,
    56,
    21,
    78,
    91,
    51,
    34,
    48,
    25,
    41,
    71,
    100,
    46,
    40,
    69,
    17,
    24,
    60,
    18,
    30,
    11
  ],
  "best_score": 22694.258002746305,
  "best_info": {
    "total_distance": 22694.258002746305,
    "infeasible_count": 0,
    "routes": [
      {
        "route": [
          15,
          52,
          32,
          13,
          92,
          4,
          29,
          98,
          53,
          95,
          50,
          79,
          73,
          16,
          10,
          33,
          3,
          85,
          87,
          26,
          101,
          45,
          6,
          1,
          44,
          37,
          74,
          57,
          99
        ],
        "distance": 5642.305567908992,
        "feasible": true,
        "boxes_total": 48,
        "boxes_packed": 48,
        "fill_rate": 0.23070472824074073
      },
      {
        "route": [
          63,
          77,
          88,
          35,
          65,
          54,
          55,
          82,
          97,
          36,
          67,
          96,
          9,
          12,
          5,
          42,
          31,
          76,
          23,
          28,
          43,
          84,
          72,
          68,
          38,
          93,
          90,
          59,
          47
        ],
        "distance": 6922.545924922072,
        "feasible": true,
        "boxes_total": 48,
        "boxes_packed": 48,
        "fill_rate": 0.28746343904320987
      },
      {
        "route": [
          27,
          80,
          8,
          58,
          2,
          61,
          89,
          14,
          66,
          83,
          94,
          62,
          19,
          7,
          75,
          64,
          49,
          22,
          70,
          39,
          81,
          86,
          20,
          56,
          21,
          78,
          91,
          51,
          34
        ],
        "distance": 7037.270689677038,
        "feasible": true,
        "boxes_total": 48,
        "boxes_packed": 48,
        "fill_rate": 0.1195911024691358
      },
      {
        "route": [
          48,
          25,
          41,
          71,
          100,
          46,
          40,
          69,
          17,
          24,
          60,
          18,
          30,
          11
        ],
        "distance": 3092.135820238203,
        "feasible": true,
        "boxes_total": 26,
        "boxes_packed": 26,
        "fill_rate": 0.17146695
      }
    ]
  },
  "history": [
    49801.87518683696,
    49769.770827287255,
    47538.28999707746,
    47378.30576648861,
    46542.502109339584,
    45919.33703820353,
    44364.911050431474,
    44364.911050431474,
    43977.54363222012,
    43977.54363222012,
    43863.33682584532,
    42835.687175282066,
    42557.4641298945,
    42021.86349036434,
    41822.81501503386,
    41321.6588767123,
    40229.78317746225,
    40229.78317746225,
    40229.78317746225,
    40229.78317746225,
    40120.7519830553,
    40120.7519830553,
    39710.26995721155,
    39567.81699555661,
    39567.81699555661,
    39084.696759054066,
    39084.696759054066,
    39084.696759054066,
    39084.696759054066,
    38786.190685110814,
    38786.190685110814,
    37893.763883917025,
    37893.763883917025,
    37612.04650030145,
    37324.44587181769,
    37324.44587181769,
    37324.44587181769,
    36830.34755198628,
    36830.34755198628,
    36830.34755198628,
    36673.63986482836,
    36604.26674534929,
    36359.849449363624,
    35918.18304193614,
    35918.18304193614,
    35918.18304193614,
    35719.09452490293,
    35528.25724436433,
    35042.811879056106,
    35042.811879056106,
    34944.31505345605,
    34522.3894842263,
    32699.401370189727,
    32699.401370189727,
    32699.401370189727,
    32144.957665452872,
    32144.957665452872,
    31668.01177328886,
    31600.65601571337,
    31600.65601571337,
    31226.19197215347,
    31226.19197215347,
    31024.19620227273,
    31024.19620227273,
    31024.19620227273,
    30641.236132536178,
    30090.51388532748,
    30090.51388532748,
    30020.933821959406,
    30020.933821959406,
    30001.899208366907,
    30001.899208366907,
    29932.804366559292,
    29765.464044937595,
    29648.377101469574,
    29648.377101469574,
    29648.377101469574,
    29522.61480678498,
    29522.61480678498,
    29522.61480678498,
    29121.5298387081,
    29121.5298387081,
    29121.5298387081,
    28956.795906909796,
    28718.403831579104,
    28718.403831579104,
    28539.864087688773,
    28539.864087688773,
    28539.864087688773,
    28347.816972059965,
    28347.816972059965,
    28323.985408676053,
    28323.985408676053,
    28027.62574339552,
    28027.62574339552,
    28027.62574339552,
    27991.04028021316,
    27632.397583072845,
    27602.89448566784,
    27510.74633174947,
    27510.74633174947,
    27510.74633174947,
    27510.74633174947,
    27326.44489704514,
    27326.44489704514,
    27264.183682004157,
    27264.183682004157,
    27264.183682004157,
    27264.183682004157,
    27261.69618731262,
    27261.69618731262,
    27204.79364572177,
    27179.094296150783,
    26983.76774194555,
    26983.76774194555,
    26983.76774194555,
    26983.76774194555,
    26983.76774194555,
    26684.00692760197,
    26684.00692760197,
    26597.675995121175,
    26597.675995121175,
    26251.50656712886,
    26251.50656712886,
    26250.971729098652,
    26250.971729098652,
    26250.971729098652,
    26250.971729098652,
    26174.235678599674,
    26174.235678599674,
    26174.235678599674,
    26174.235678599674,
    26174.235678599674,
    26174.235678599674,
    26110.343211326926,
    26081.724323257724,
    26081.724323257724,
    26081.724323257724,
    25692.84568657834,
    25692.84568657834,
    25634.892057495315,
    25316.898689228252,
    25316.898689228252,
    25316.898689228252,
    25287.20613652392,
    25287.20613652392,
    25205.157166366964,
    25205.157166366964,
    25168.907196499677,
    25041.930689826357,
    24733.72852143837,
    24733.72852143837,
    24733.72852143837,
    24733.72852143837,
    24733.72852143837,
    24545.47216075514,
    24545.47216075514,
    24502.89801474962,
    24502.89801474962,
    24502.89801474962,
    24175.615699653667,
    24175.615699653667,
    24175.615699653667,
    24175.615699653667,
    24175.615699653667,
    24175.615699653667,
    24011.91676645477,
    24011.91676645477,
    24011.91676645477,
    24011.91676645477,
    23968.26236623359,
    23837.86387855015,
    23837.86387855015,
    23837.86387855015,
    23742.25206799136,
    23742.25206799136,
    23487.578315280523,
    23245.502705858664,
    23245.502705858664,
    23245.502705858664,
    23143.16216144052,
    23143.16216144052,
    23143.16216144052,
    23143.16216144052,
    23143.16216144052,
    23063.713953871673,
    23063.713953871673,
    23012.109931674004,
    23012.109931674004,
    22944.3443659369,
    22944.3443659369,
    22880.765532456746,
    22880.765532456746,
    22880.765532456746,
    22825.555253984912,
    22825.555253984912,
    22694.258002746305,
    22694.258002746305,
    22694.258002746305,
    22694.258002746305
  ],
  "duration": 56.614970684051514
}