{
  "best_order": [
    55,
    54,
    19,
    31,
    46,
    100,
    20,
    51,
    99,
    30,
    70,
    12,
    42,
    62,
    5,
    60,
    17,
    24,
    39,
    94,
    26,
    80,
    22,
    15,
    92,
    53,
    44,
    2,
    66,
    25,
    36,
    48,
    37,
    63,
    28,
    89,
    43,
    84,
    4,
    50,
    57,
    96,
    58,
    76,
    69,
    101,
    27,
    6,
    49,
    45,
    34,
    91,
    47,
    16,
    78,
    77,
    85,
    71,
    23,
    88,
    33,
    90,
    1,
    11,
    41,
    7,
    97,
    82,
    18,
    3,
    72,
    38,
    35,
    74,
    10,
    73,
    79,
    29,
    93,
    95,
    87,
    14,
    86,
    61,
    81,
    40,
    83,
    65,
    52,
    32,
    67,
    13,
    9,
    8,
    59,
    75,
    64,
    98,
    21,
    56,
    68
  ],
  "best_score": 24064.007456290372,
  "best_info": {
    "total_distance": 24064.007456290372,
    "infeasible_count": 0,
    "routes": [
      {
        "route": [
          55,
          54,
          19,
          31,
          46,
          100,
          20,
          51,
          99,
          30,
          70,
          12,
          42,
          62,
          5,
          60,
          17,
          24,
          39,
          94,
          26,
          80,
          22,
          15,
          92,
          53,
          44
        ],
        "distance": 6482.596526692121,
        "feasible": true,
        "boxes_total": 48,
        "boxes_packed": 48,
        "fill_rate": 0.23126058163580246
      },
      {
        "route": [
          2,
          66,
          25,
          36,
          48,
          37,
          63,
          28,
          89,
          43,
          84,
          4,
          50,
          57,
          96,
          58,
          76,
          69,
          101,
          27,
          6,
          49,
          45,
          34,
          91,
          47,
          16
        ],
        "distance": 6618.328201777263,
        "feasible": true,
        "boxes_total": 48,
        "boxes_packed": 48,
        "fill_rate": 0.11888748209876543
      },
      {
        "route": [
          78,
          77,
          85,
          71,
          23,
          88,
          33,
          90,
          1,
          11,
          41,
          7,
          97,
          82,
          18,
          3,
          72,
          38,
          35,
          74,
          10,
          73,
          79,
          29,
          93,
          95,
          87,
          14,
          86,
          61,
          81,
          40,
          83
        ],
        "distance": 7424.872979722679,
        "feasible": true,
        "boxes_total": 48,
        "boxes_packed": 48,
        "fill_rate": 0.3428328927469136
      },
      {
        "route": [
          65,
          52,
          32,
          67,
          13,
          9,
          8,
          59,
          75,
          64,
          98,
          21,
          56,
          68
        ],
        "distance": 3538.2097480983093,
        "feasible": true,
        "boxes_total": 26,
        "boxes_packed": 26,
        "fill_rate": 0.11624526327160493
      }
    ]
  },
  "history": [
    49015.27168603261,
    48954.16250238876,
    48448.982337575544,
    46800.40074810868,
    46388.97534990452,
    45407.74389819492,
    45179.13048258444,
    44133.8932073559,
    43669.520094547115,
    43669.520094547115,
    43014.150590893376,
    43014.150590893376,
    42971.104541528075,
    41254.67275436329,
    41115.47907181261,
    41001.4117972973,
    40639.215281247394,
    40639.215281247394,
    40220.06019544585,
    38976.17844405531,
    38976.17844405531,
    38856.16670718409,
    38702.01389532292,
    38447.78863828672,
    37572.081016305034,
    37572.081016305034,
    37372.99597283868,
    37372.99597283868,
    37206.82809115016,
    37063.24327927532,
    36467.707462242885,
    36264.50804287627,
    36152.60453446503,
    36152.60453446503,
    35597.50720107538,
    35597.50720107538,
    34748.09180969353,
    34748.09180969353,
    34748.09180969353,
    34748.09180969353,
    34085.262439112266,
    34085.262439112266,
    34085.262439112266,
    33761.1795989835,
    33681.136739262336,
    33659.40193307076,
    33659.40193307076,
    33428.76081388379,
    33428.76081388379,
    33234.1213597609,
    32892.53490064837,
    32892.53490064837,
    32892.53490064837,
    32892.53490064837,
    32892.53490064837,
    32504.887892756924,
    32404.8206234591,
    32404.8206234591,
    32129.09168691437,
    32129.09168691437,
    32129.09168691437,
    31689.623437482798,
    31689.623437482798,
    31689.623437482798,
    31357.204652383083,
    31357.204652383083,
    31357.204652383083,
    31077.07199135853,
    31077.07199135853,
    31077.07199135853,
    30871.85279061139,
    30666.612140978392,
    30461.86607548181,
    30461.86607548181,
    30461.86607548181,
    30461.86607548181,
    30461.86607548181,
    30453.500650160873,
    30453.500650160873,
    30453.500650160873,
    30422.759262988646,
    30171.147064521305,
    30171.147064521305,
    30139.5845834817,
    29946.556170224776,
    29916.168137740344,
    29916.168137740344,
    29865.026505564856,
    29646.882772167217,
    29646.882772167217,
    29646.882772167217,
    29382.35832408663,
    29382.35832408663,
    28976.397510028037,
    28976.397510028037,
    28976.397510028037,
    28973.850335861513,
    28973.850335861513,
    28608.843907772865,
    28608.843907772865,
    28608.843907772865,
    28573.814460231362,
    28376.723061812114,
    27866.875378474826,
    27866.875378474826,
    27866.875378474826,
    27866.875378474826,
    27677.09603486207,
    27677.09603486207,
    27677.09603486207,
    27677.09603486207,
    27499.50165005454,
    27499.50165005454,
    27499.50165005454,
    26913.784844142647,
    26913.784844142647,
    26913.784844142647,
    26913.784844142647,
    26913.784844142647,
    26913.784844142647,
    26913.784844142647,
    26913.784844142647,
    26572.607103022183,
    26572.607103022183,
    26572.607103022183,
    26572.607103022183,
    26558.871202504703,
    26558.871202504703,
    26546.663955101943,
    26128.723978194354,
    26128.723978194354,
    26128.723978194354,
    25992.478268365794,
    25992.478268365794,
    25992.478268365794,
    25992.478268365794,
    25807.49417147024,
    25807.49417147024,
    25807.49417147024,
    25610.005149664557,
    25608.40667534203,
    25608.40667534203,
    25520.24787298175,
    25520.24787298175,
    25520.24787298175,
    25287.61192986576,
    25287.61192986576,
    25287.61192986576,
    25287.61192986576,
    25175.10682697942,
    25139.301333712774,
    25139.301333712774,
    24901.933253686162,
    24901.933253686162,
    24890.392000328993,
    24890.392000328993,
    24890.392000328993,
    24890.392000328993,
    24798.206979745202,
    24723.134154784053,
    24723.134154784053,
    24723.134154784053,
    24723.134154784053,
    24723.134154784053,
    24723.134154784053,
    24711.592901426884,
    24711.592901426884,
    24711.592901426884,
    24551.847415561748,
    24551.847415561748,
    24538.341185898462,
    24538.341185898462,
    24403.892299260602,
    24345.04479920494,
    24345.04479920494,
    24345.04479920494,
    24345.04479920494,
    24345.04479920494,
    24342.233362787025,
    24342.233362787025,
    24342.233362787025,
    24282.283852506454,
    24282.283852506454,
    24282.283852506454,
    24252.7768270338,
    24252.7768270338,
    24252.7768270338,
    24252.7768270338,
    24242.81429870991,
    24242.81429870991,
    24242.81429870991,
    24242.81429870991,
    24242.81429870991,
    24242.81429870991,
    24108.757203923662,
    24108.757203923662,
    24108.757203923662,
    24108.757203923662,
    24064.007456290372,
    24064.007456290372
  ],
  "duration": 40.885091066360474
}