{
  "best_order": [
    15,
    7,
    82,
    54,
    22,
    32,
    80,
    33,
    49,
    64,
    6,
    101,
    25,
    36,
    41,
    18,
    62,
    14,
    85,
    40,
    81,
    28,
    43,
    21,
    56,
    53,
    74,
    90,
    13,
    57,
    39,
    60,
    5,
    19,
    77,
    78,
    63,
    58,
    92,
    95,
    35,
    88,
    84,
    68,
    79,
    4,
    9,
    20,
    100,
    3,
    8,
    48,
    51,
    44,
    65,
    99,
    91,
    27,
    1,
    75,
    45,
    11,
    52,
    30,
    47,
    34,
    37,
    67,
    59,
    26,
    70,
    31,
    12,
    61,
    87,
    46,
    86,
    66,
    83,
    69,
    24,
    94,
    55,
    97,
    73,
    50,
    93,
    98,
    38,
    29,
    23,
    89,
    71,
    96,
    2,
    42,
    17,
    76,
    72,
    10,
    16
  ],
  "best_score": 23688.58478349011,
  "best_info": {
    "total_distance": 23688.58478349011,
    "infeasible_count": 0,
    "routes": [
      {
        "route": [
          15,
          7,
          82,
          54,
          22,
          32,
          80,
          33,
          49,
          64,
          6,
          101,
          25,
          36,
          41,
          18,
          62,
          14,
          85,
          40,
          81,
          28,
          43,
          21,
          56,
          53,
          74
        ],
        "distance": 6347.446101731299,
        "feasible": true,
        "boxes_total": 48,
        "boxes_packed": 48,
        "fill_rate": 0.2870164257716049
      },
      {
        "route": [
          90,
          13,
          57,
          39,
          60,
          5,
          19,
          77,
          78,
          63,
          58,
          92,
          95,
          35,
          88,
          84,
          68,
          79,
          4,
          9,
          20,
          100,
          3,
          8,
          48,
          51,
          44,
          65,
          99
        ],
        "distance": 6589.339828348002,
        "feasible": true,
        "boxes_total": 48,
        "boxes_packed": 48,
        "fill_rate": 0.23154886342592593
      },
      {
        "route": [
          91,
          27,
          1,
          75,
          45,
          11,
          52,
          30,
          47,
          34,
          37,
          67,
          59,
          26,
          70,
          31,
          12,
          61,
          87,
          46,
          86,
          66,
          83,
          69,
          24,
          94,
          55,
          97
        ],
        "distance": 6288.145896505279,
        "feasible": true,
        "boxes_total": 48,
        "boxes_packed": 48,
        "fill_rate": 0.17465072947530863
      },
      {
        "route": [
          73,
          50,
          93,
          98,
          38,
          29,
          23,
          89,
          71,
          96,
          2,
          42,
          17,
          76,
          72,
          10,
          16
        ],
        "distance": 4463.65295690553,
        "feasible": true,
        "boxes_total": 26,
        "boxes_packed": 26,
        "fill_rate": 0.11601020108024691
      }
    ]
  },
  "history": [
    47318.337363706174,
    45298.6204232468,
    45298.6204232468,
    45298.6204232468,
    45298.6204232468,
    45298.6204232468,
    43920.60839977133,
    43920.60839977133,
    42910.391517502845,
    42910.391517502845,
    42284.967958707435,
    41813.580960961604,
    41306.61834152268,
    41244.26285621949,
    41029.018574322625,
    40581.40031149377,
    40560.11377464455,
    40508.57584630211,
    39339.73018241044,
    39127.87390480596,
    38970.705194066504,
    38601.47070510447,
    38601.47070510447,
    38547.47766412997,
    38291.57920609924,
    38291.57920609924,
    38029.42538967584,
    38029.42538967584,
    37819.158626575125,
    37062.343078430065,
    37062.343078430065,
    37062.343078430065,
    37062.343078430065,
    37062.343078430065,
    36834.85094289402,
    36236.18477401548,
    36236.18477401548,
    36236.18477401548,
    35673.59279673402,
    34398.58852281761,
    34398.58852281761,
    34398.58852281761,
    34398.58852281761,
    33686.75965640324,
    33686.75965640324,
    33686.75965640324,
    33251.04440267271,
    32986.375081411665,
    32729.57583976561,
    32624.30392572964,
    32193.865804127312,
    32193.865804127312,
    31957.367352368048,
    31629.625083710886,
    31629.625083710886,
    31629.625083710886,
    31629.625083710886,
    31386.799041736005,
    31386.799041736005,
    31183.626082065137,
    31183.626082065137,
    31178.591340327243,
    31067.938652292196,
    30974.824116094595,
    30291.519724018763,
    30291.519724018763,
    30291.519724018763,
    30291.519724018763,
    30291.519724018763,
    30128.24049863006,
    30128.24049863006,
    30116.61430153171,
    30116.61430153171,
    29989.534706366518,
    29936.238711995586,
    29389.047513220612,
    29389.047513220612,
    29389.047513220612,
    29389.047513220612,
    29081.810292954528,
    29081.810292954528,
    28905.949791955223,
    28905.949791955223,
    28905.949791955223,
    28890.296594446212,
    28890.296594446212,
    28890.296594446212,
    28563.609822850078,
    28563.609822850078,
    28436.185740761055,
    28436.185740761055,
    28436.185740761055,
    28428.932536184373,
    28428.932536184373,
    28428.932536184373,
    28311.071887645205,
    28311.071887645205,
    28311.071887645205,
    28245.72703156688,
    28184.321783268962,
    28120.61317845103,
    28120.61317845103,
    28120.61317845103,
    28032.75804239848,
    28004.246335031097,
    28004.246335031097,
    27450.207759540903,
    27450.207759540903,
    27450.207759540903,
    27450.207759540903,
    27450.207759540903,
    27450.207759540903,
    27450.207759540903,
    27450.207759540903,
    27450.207759540903,
    27450.207759540903,
    27410.2748062084,
    27168.961485315172,
    27168.961485315172,
    27168.961485315172,
    27022.051438667717,
    27022.051438667717,
    26917.797593196945,
    26872.14670073353,
    26872.14670073353,
    26872.14670073353,
    26593.916178410367,
    26593.916178410367,
    26593.916178410367,
    26257.588049932016,
    26257.588049932016,
    26257.588049932016,
    26257.588049932016,
    26257.588049932016,
    26257.588049932016,
    26257.588049932016,
    26257.588049932016,
    26257.588049932016,
    26257.588049932016,
    26257.588049932016,
    26257.588049932016,
    26257.588049932016,
    26240.39968815263,
    26240.39968815263,
    26095.74687305416,
    26031.64322171973,
    26031.64322171973,
    25708.9157529864,
    25708.9157529864,
    25708.9157529864,
    25708.9157529864,
    25629.880971421568,
    25629.880971421568,
    25629.880971421568,
    25629.880971421568,
    25629.880971421568,
    25492.842754154055,
    25492.842754154055,
    25492.842754154055,
    25492.842754154055,
    25467.77025864967,
    25467.77025864967,
    25467.77025864967,
    25449.96043999256,
    25219.973144713847,
    25219.973144713847,
    25177.719679932598,
    25177.719679932598,
    25153.742808618885,
    25050.81533820981,
    24883.4061257653,
    24883.4061257653,
    24883.4061257653,
    24736.773299033273,
    24736.773299033273,
    24735.470186985982,
    24614.000292209414,
    24341.42875693328,
    24341.42875693328,
    24341.42875693328,
    24341.42875693328,
    24306.552049160888,
    24306.552049160888,
    24258.2671069623,
    24258.2671069623,
    24258.2671069623,
    24258.2671069623,
    24244.17143563042,
    24148.156013132855,
    24148.156013132855,
    24148.156013132855,
    24138.108015770078,
    24138.108015770078,
    23793.755928897554,
    23793.755928897554,
    23793.755928897554,
    23793.755928897554,
    23793.755928897554,
    23793.755928897554,
    23688.58478349011
  ],
  "duration": 56.61514902114868
}