{
  "best_order": [
    90,
    84,
    96,
    76,
    63,
    78,
    58,
    18,
    25,
    75,
    45,
    6,
    95,
    98,
    4,
    21,
    40,
    83,
    66,
    42,
    60,
    5,
    97,
    22,
    101,
    79,
    50,
    38,
    47,
    53,
    73,
    33,
    81,
    100,
    56,
    72,
    68,
    46,
    39,
    24,
    31,
    70,
    19,
    54,
    55,
    82,
    36,
    52,
    65,
    27,
    1,
    13,
    67,
    48,
    26,
    7,
    15,
    44,
    23,
    71,
    20,
    3,
    88,
    9,
    10,
    57,
    41,
    12,
    62,
    14,
    61,
    87,
    17,
    32,
    49,
    64,
    51,
    29,
    93,
    35,
    37,
    74,
    16,
    99,
    11,
    30,
    80,
    43,
    89,
    86,
    28,
    92,
    91,
    34,
    8,
    69,
    85,
    77,
    2,
    94,
    59
  ],
  "best_score": 24216.731263562353,
  "best_info": {
    "total_distance": 24216.731263562353,
    "infeasible_count": 0,
    "routes": [
      {
        "route": [
          90,
          84,
          96,
          76,
          63,
          78,
          58,
          18,
          25,
          75,
          45,
          6,
          95,
          98,
          4,
          21,
          40,
          83,
          66,
          42,
          60,
          5,
          97,
          22,
          101,
          79,
          50,
          38,
          47,
          53
        ],
        "distance": 7585.071575780012,
        "feasible": true,
        "boxes_total": 48,
        "boxes_packed": 48,
        "fill_rate": 0.1761912799382716
      },
      {
        "route": [
          73,
          33,
          81,
          100,
          56,
          72,
          68,
          46,
          39,
          24,
          31,
          70,
          19,
          54,
          55,
          82,
          36,
          52,
          65,
          27,
          1,
          13,
          67,
          48,
          26,
          7,
          15
        ],
        "distance": 5791.358925118941,
        "feasible": true,
        "boxes_total": 48,
        "boxes_packed": 48,
        "fill_rate": 0.23047692391975308
      },
      {
        "route": [
          44,
          23,
          71,
          20,
          3,
          88,
          9,
          10,
          57,
          41,
          12,
          62,
          14,
          61,
          87,
          17,
          32,
          49,
          64,
          51,
          29,
          93,
          35,
          37,
          74,
          16,
          99
        ],
        "distance": 6240.958229507477,
        "feasible": true,
        "boxes_total": 48,
        "boxes_packed": 48,
        "fill_rate": 0.34291135324074073
      },
      {
        "route": [
          11,
          30,
          80,
          43,
          89,
          86,
          28,
          92,
          91,
          34,
          8,
          69,
          85,
          77,
          2,
          94,
          59
        ],
        "distance": 4599.342533155922,
        "feasible": true,
        "boxes_total": 26,
        "boxes_packed": 26,
        "fill_rate": 0.05964666265432099
      }
    ]
  },
  "history": [
    49391.75853902162,
    49061.39072092809,
    48854.154667358955,
    47538.14249415956,
    47065.12513248159,
    46145.2857567888,
    46145.2857567888,
    46055.02948020268,
    43728.9171567554,
    43162.61587151067,
    42500.20146621275,
    42500.20146621275,
    42500.20146621275,
    42500.20146621275,
    42411.2300493018,
    42012.57176081457,
    41597.82191195531,
    41461.030327268236,
    41403.5368277481,
    41204.76841707873,
    40263.89936599717,
    40263.89936599717,
    40263.89936599717,
    40232.927196948265,
    40232.927196948265,
    39483.49465394847,
    39278.28566454787,
    39278.28566454787,
    39205.875202523086,
    38630.67969349653,
    38630.67969349653,
    38630.67969349653,
    37916.10354116722,
    37916.10354116722,
    36631.122757218625,
    36631.122757218625,
    36631.122757218625,
    36631.122757218625,
    36423.37834553206,
    36423.37834553206,
    35972.64123952955,
    35972.64123952955,
    35972.64123952955,
    35859.633051378456,
    35529.26384523815,
    35529.26384523815,
    35529.26384523815,
    35529.26384523815,
    35040.56715489732,
    35040.56715489732,
    34736.75194657327,
    34736.75194657327,
    34547.2342687071,
    34547.2342687071,
    34547.2342687071,
    34320.47430064211,
    34320.47430064211,
    33470.01966920881,
    33470.01966920881,
    33179.878409217985,
    33179.878409217985,
    32951.48241950252,
    32951.48241950252,
    32951.48241950252,
    32951.48241950252,
    32922.763047593384,
    32729.622885755554,
    32537.741054948106,
    32325.758247351943,
    32325.758247351943,
    32325.758247351943,
    32325.758247351943,
    32303.550755373522,
    32303.550755373522,
    32117.036198779955,
    31979.289618553157,
    31979.289618553157,
    31820.8520083522,
    31700.421223016707,
    31369.743673925543,
    31253.061790953834,
    31253.061790953834,
    31253.061790953834,
    31253.061790953834,
    30697.982434333397,
    30697.982434333397,
    30697.982434333397,
    30697.982434333397,
    30697.982434333397,
    30697.982434333397,
    30361.646331414486,
    30361.646331414486,
    30361.646331414486,
    29476.790231877887,
    29476.790231877887,
    29476.790231877887,
    29476.790231877887,
    29476.790231877887,
    29476.790231877887,
    29476.790231877887,
    29472.70387918722,
    29472.70387918722,
    29436.77862960223,
    29436.77862960223,
    29436.77862960223,
    29436.77862960223,
    29436.77862960223,
    29432.69227691157,
    28283.5587543589,
    28283.5587543589,
    28283.5587543589,
    28283.5587543589,
    27915.884373450303,
    27915.884373450303,
    27657.915622133754,
    27657.915622133754,
    27657.915622133754,
    27657.915622133754,
    27657.915622133754,
    27379.35691687731,
    27379.35691687731,
    27379.35691687731,
    27263.12461871784,
    27263.12461871784,
    27263.12461871784,
    27236.40135935774,
    27236.40135935774,
    27236.40135935774,
    27236.40135935774,
    26988.187566725428,
    26988.187566725428,
    26988.187566725428,
    26988.187566725428,
    26988.187566725428,
    26771.254817794696,
    26771.254817794696,
    26145.7545310728,
    26145.7545310728,
    26145.7545310728,
    26145.7545310728,
    26145.7545310728,
    26145.7545310728,
    25968.035281168563,
    25968.035281168563,
    25912.96391932253,
    25912.96391932253,
    25912.96391932253,
    25779.595410291167,
    25779.595410291167,
    25779.595410291167,
    25779.595410291167,
    25756.821768228365,
    25756.821768228365,
    25756.821768228365,
    25756.821768228365,
    25749.442367585856,
    25749.442367585856,
    25749.442367585856,
    25749.442367585856,
    25749.442367585856,
    25748.833667988703,
    25644.96515395491,
    25644.96515395491,
    25644.96515395491,
    25470.019269028366,
    25470.019269028366,
    25470.019269028366,
    25470.019269028366,
    25470.019269028366,
    25470.019269028366,
    25303.368683761655,
    25303.368683761655,
    25303.368683761655,
    25303.368683761655,
    25303.368683761655,
    25303.368683761655,
    25303.368683761655,
    25303.368683761655,
    25303.368683761655,
    25303.368683761655,
    25159.475621733727,
    25159.475621733727,
    25159.475621733727,
    25159.475621733727,
    25159.475621733727,
    25043.27581974175,
    25043.27581974175,
    25043.27581974175,
    24910.511407111448,
    24910.511407111448,
    24910.511407111448,
    24910.511407111448,
    24794.311605119474,
    24794.311605119474,
    24757.863095844416,
    24642.62243099619,
    24642.62243099619,
    24642.62243099619,
    24642.62243099619,
    24216.731263562353
  ],
  "duration": 56.737770557403564
}