{
  "best_order": [
    45,
    64,
    6,
    49,
    15,
    44,
    56,
    62,
    17,
    77,
    3,
    35,
    53,
    95,
    79,
    38,
    33,
    63,
    96,
    58,
    50,
    4,
    29,
    91,
    27,
    11,
    57,
    98,
    92,
    73,
    48,
    59,
    2,
    39,
    94,
    69,
    85,
    86,
    61,
    81,
    68,
    93,
    72,
    16,
    99,
    32,
    82,
    60,
    18,
    19,
    66,
    83,
    28,
    43,
    84,
    1,
    65,
    101,
    90,
    10,
    51,
    37,
    9,
    88,
    8,
    31,
    42,
    54,
    55,
    87,
    24,
    40,
    100,
    20,
    23,
    89,
    46,
    5,
    12,
    70,
    14,
    71,
    21,
    47,
    75,
    13,
    67,
    80,
    52,
    22,
    25,
    36,
    41,
    7,
    97,
    30,
    76,
    26,
    78,
    74,
    34
  ],
  "best_score": 22993.010820840867,
  "best_info": {
    "total_distance": 22993.010820840867,
    "infeasible_count": 0,
    "routes": [
      {
        "route": [
          45,
          64,
          6,
          49,
          15,
          44,
          56,
          62,
          17,
          77,
          3,
          35,
          53,
          95,
          79,
          38,
          33,
          63,
          96,
          58,
          50,
          4,
          29,
          91,
          27,
          11
        ],
        "distance": 5893.665955505037,
        "feasible": true,
        "boxes_total": 47,
        "boxes_packed": 47,
        "fill_rate": 0.17447368487654322
      },
      {
        "route": [
          57,
          98,
          92,
          73,
          48,
          59,
          2,
          39,
          94,
          69,
          85,
          86,
          61,
          81,
          68,
          93,
          72,
          16,
          99,
          32,
          82,
          60,
          18,
          19,
          66,
          83,
          28,
          43,
          84,
          1
        ],
        "distance": 7442.41154064717,
        "feasible": true,
        "boxes_total": 47,
        "boxes_packed": 47,
        "fill_rate": 0.17520954274691358
      },
      {
        "route": [
          65,
          101,
          90,
          10,
          51,
          37,
          9,
          88,
          8,
          31,
          42,
          54,
          55,
          87,
          24,
          40,
          100,
          20,
          23,
          89,
          46,
          5,
          12,
          70,
          14,
          71,
          21,
          47
        ],
        "distance": 6129.779875127091,
        "feasible": true,
        "boxes_total": 48,
        "boxes_packed": 48,
        "fill_rate": 0.23142643209876543
      },
      {
        "route": [
          75,
          13,
          67,
          80,
          52,
          22,
          25,
          36,
          41,
          7,
          97,
          30,
          76,
          26,
          78,
          74,
          34
        ],
        "distance": 3527.153449561566,
        "feasible": true,
        "boxes_total": 28,
        "boxes_packed": 28,
        "fill_rate": 0.2281165600308642
      }
    ]
  },
  "history": [
    48744.86904991321,
    48083.64040754855,
    47491.220842392606,
    47245.848227612885,
    46945.19159979597,
    46302.249433013945,
    44779.190386696646,
    44052.02321817614,
    44052.02321817614,
    43289.132835179924,
    43289.132835179924,
    42852.29619273248,
    41456.80858204407,
    41456.80858204407,
    41204.355356331274,
    40881.66829933756,
    40439.32445008121,
    39572.378164081565,
    39572.378164081565,
    39296.59104799472,
    39296.59104799472,
    39296.59104799472,
    39124.79158179271,
    39010.53956913364,
    37956.14553553719,
    37956.14553553719,
    37956.14553553719,
    37956.14553553719,
    37815.33165148754,
    37592.19329176431,
    37592.19329176431,
    37509.05858328566,
    37509.05858328566,
    37327.07785147903,
    36756.04926722837,
    36631.503860096105,
    36273.59759784526,
    36152.689470612444,
    36152.689470612444,
    36152.689470612444,
    36152.689470612444,
    36015.051874526085,
    35760.8457213056,
    35760.8457213056,
    35605.73548962811,
    35605.73548962811,
    35078.519906288835,
    35078.519906288835,
    34991.766654035695,
    34991.766654035695,
    34991.766654035695,
    34731.94259556854,
    34731.94259556854,
    34672.73779094092,
    34557.88351225305,
    34557.88351225305,
    34350.32975042358,
    34350.32975042358,
    34350.32975042358,
    34350.32975042358,
    34350.32975042358,
    33979.11855946353,
    33979.11855946353,
    33805.58075661347,
    33805.58075661347,
    33426.61065826895,
    33426.61065826895,
    33278.405865828856,
    33278.405865828856,
    33278.405865828856,
    33204.43649895011,
    33031.5397149561,
    32826.67071310075,
    32731.333863211694,
    32731.333863211694,
    32505.027172883383,
    32300.158171028037,
    31671.4928318408,
    31447.76016389553,
    31447.76016389553,
    30903.89303425596,
    30903.89303425596,
    30376.290696054464,
    30376.290696054464,
    30376.290696054464,
    30345.71323633135,
    30345.71323633135,
    30331.502710971017,
    29982.003432792044,
    29807.510056499275,
    29807.510056499275,
    29617.702991049373,
    29287.37603468616,
    29287.37603468616,
    29112.88265839339,
    29112.88265839339,
    29010.270769414463,
    29010.270769414463,
    28951.688729659974,
    28609.984067799855,
    28609.984067799855,
    28609.984067799855,
    28361.74332599689,
    28361.74332599689,
    28361.74332599689,
    28007.411007676907,
    28007.411007676907,
    28007.411007676907,
    27964.848853712523,
    27678.507090075705,
    27678.507090075705,
    27530.676106384257,
    27530.676106384257,
    27530.676106384257,
    27530.676106384257,
    27324.177027481815,
    27324.177027481815,
    27324.177027481815,
    26995.206709280297,
    26772.56503966656,
    26772.56503966656,
    26676.002862499045,
    26676.002862499045,
    26478.96020170684,
    26478.96020170684,
    26478.96020170684,
    26433.33728107555,
    26335.77092551721,
    26306.132378677292,
    26306.132378677292,
    26296.31151134031,
    26296.31151134031,
    26065.232749071773,
    26065.232749071773,
    26065.232749071773,
    26065.232749071773,
    26065.232749071773,
    26065.20480539054,
    25656.45029572181,
    25656.45029572181,
    25656.45029572181,
    25656.45029572181,
    25656.45029572181,
    25656.45029572181,
    25517.659394684524,
    25517.659394684524,
    25468.80307566324,
    25167.065382366174,
    25167.065382366174,
    25167.065382366174,
    25167.065382366174,
    25167.065382366174,
    24873.08236272554,
    24873.08236272554,
    24873.08236272554,
    24808.320555803577,
    24808.320555803577,
    24808.320555803577,
    24766.906143346612,
    24766.906143346612,
    24616.27414402775,
    24616.27414402775,
    24616.27414402775,
    24616.27414402775,
    24586.245847928774,
    24586.245847928774,
    24586.245847928774,
    24586.245847928774,
    24450.23042221944,
    24450.23042221944,
    24136.817179692192,
    24136.817179692192,
    24136.817179692192,
    24136.817179692192,
    24062.42992674636,
    24057.789038957053,
    24057.789038957053,
    24057.789038957053,
    23842.635295308373,
    23842.635295308373,
    23842.635295308373,
    23842.635295308373,
    23785.89148194275,
    23742.84139191543,
    23742.84139191543,
    23710.793268037927,
    23597.63789087475,
    23597.63789087475,
    23597.63789087475,
    23546.413059989256,
    23546.413059989256,
    23546.413059989256,
    23415.54013168897,
    23415.54013168897,
    23406.936334277583,
    23406.936334277583,
    23161.631534478645,
    23158.71731452353,
    23086.854338371286,
    22993.010820840867
  ],
  "duration": 46.87094449996948
}