{
  "best_order": [
    42,
    62,
    72,
    21,
    2,
    39,
    5,
    12,
    31,
    17,
    94,
    47,
    35,
    74,
    57,
    59,
    32,
    97,
    36,
    18,
    70,
    24,
    86,
    77,
    88,
    90,
    34,
    91,
    15,
    67,
    9,
    68,
    84,
    69,
    85,
    71,
    100,
    89,
    28,
    93,
    95,
    4,
    29,
    23,
    43,
    20,
    46,
    55,
    60,
    82,
    30,
    48,
    44,
    27,
    49,
    64,
    1,
    37,
    92,
    53,
    51,
    16,
    11,
    101,
    65,
    52,
    7,
    41,
    54,
    19,
    78,
    80,
    26,
    75,
    6,
    73,
    98,
    56,
    8,
    58,
    40,
    61,
    81,
    83,
    87,
    76,
    99,
    45,
    22,
    25,
    66,
    14,
    3,
    96,
    13,
    63,
    33,
    38,
    79,
    50,
    10
  ],
  "best_score": 25408.00715813267,
  "best_info": {
    "total_distance": 25408.00715813267,
    "infeasible_count": 0,
    "routes": [
      {
        "route": [
          42,
          62,
          72,
          21,
          2,
          39,
          5,
          12,
          31,
          17,
          94,
          47,
          35,
          74,
          57,
          59,
          32,
          97,
          36,
          18,
          70,
          24,
          86,
          77,
          88,
          90,
          34,
          91,
          15
        ],
        "distance": 7627.786277184101,
        "feasible": true,
        "boxes_total": 48,
        "boxes_packed": 48,
        "fill_rate": 0.23114713611111112
      },
      {
        "route": [
          67,
          9,
          68,
          84,
          69,
          85,
          71,
          100,
          89,
          28,
          93,
          95,
          4,
          29,
          23,
          43,
          20,
          46,
          55,
          60,
          82,
          30,
          48,
          44,
          27,
          49,
          64,
          1
        ],
        "distance": 7013.795231508152,
        "feasible": true,
        "boxes_total": 48,
        "boxes_packed": 48,
        "fill_rate": 0.2873666787037037
      },
      {
        "route": [
          37,
          92,
          53,
          51,
          16,
          11,
          101,
          65,
          52,
          7,
          41,
          54,
          19,
          78,
          80,
          26,
          75,
          6,
          73,
          98,
          56,
          8,
          58,
          40,
          61,
          81,
          83,
          87,
          76,
          99
        ],
        "distance": 6972.548476870257,
        "feasible": true,
        "boxes_total": 48,
        "boxes_packed": 48,
        "fill_rate": 0.28704991882716047
      },
      {
        "route": [
          45,
          22,
          25,
          66,
          14,
          3,
          96,
          13,
          63,
          33,
          38,
          79,
          50,
          10
        ],
        "distance": 3793.8771725701586,
        "feasible": true,
        "boxes_total": 26,
        "boxes_packed": 26,
        "fill_rate": 0.003662486111111111
      }
    ]
  },
  "history": [
    48703.963052229126,
    48615.08255461424,
    47638.06092568385,
    46602.46022609374,
    44958.76972134017,
    44958.76972134017,
    44958.76972134017,
    44624.607847572064,
    42953.82653880583,
    42953.82653880583,
    42953.82653880583,
    42953.82653880583,
    42953.82653880583,
    42743.11638818493,
    41643.78710267914,
    41643.78710267914,
    41569.410064292955,
    40837.62069897035,
    40837.62069897035,
    39878.628093136365,
    39446.09506480022,
    39446.09506480022,
    39217.46432188636,
    38420.9977838462,
    38420.9977838462,
    38392.39512485034,
    38108.380402500974,
    38108.380402500974,
    37913.47670945452,
    37913.47670945452,
    37913.47670945452,
    36848.61251140228,
    36848.61251140228,
    36702.65947645042,
    36320.092323292054,
    36320.092323292054,
    36289.45625312887,
    36289.45625312887,
    36072.70587080629,
    35950.57514633931,
    35261.20124389516,
    35261.20124389516,
    35139.30523339859,
    35016.104594767035,
    34765.45205628004,
    34765.45205628004,
    34765.45205628004,
    34734.88310978822,
    34734.88310978822,
    34509.03851426001,
    34509.03851426001,
    34352.05571510383,
    33955.72449740048,
    33955.72449740048,
    33955.72449740048,
    33955.72449740048,
    33908.30660894662,
    33872.83572383521,
    33618.959444752196,
    33618.959444752196,
    33618.959444752196,
    33198.214988999236,
    32650.287243246057,
    32650.287243246057,
    32650.287243246057,
    32650.287243246057,
    32650.287243246057,
    32580.525459787812,
    32580.525459787812,
    32580.525459787812,
    32514.615989798185,
    32416.03610425925,
    32289.960590076975,
    32289.960590076975,
    32289.960590076975,
    32280.25073488478,
    32211.011204671944,
    32083.43738051418,
    32083.43738051418,
    32083.43738051418,
    31855.272678563266,
    31855.272678563266,
    31855.272678563266,
    31855.272678563266,
    31851.712135151312,
    31790.18448627874,
    31790.18448627874,
    31303.089895322573,
    31303.089895322573,
    31303.089895322573,
    31265.418945726007,
    31265.418945726007,
    31052.99343475333,
    31052.99343475333,
    31052.99343475333,
    30893.03871004953,
    30893.03871004953,
    30893.03871004953,
    30893.03871004953,
    30777.098255409248,
    30777.098255409248,
    30694.099664875244,
    30694.099664875244,
    30694.099664875244,
    30672.27455146445,
    30624.45051590858,
    30310.939720108036,
    30310.939720108036,
    30310.939720108036,
    30310.939720108036,
    29872.268538855522,
    29872.268538855522,
    29872.268538855522,
    29872.268538855522,
    29306.929148264357,
    29306.929148264357,
    29306.929148264357,
    29306.929148264357,
    29306.929148264357,
    29261.127086016037,
    29261.127086016037,
    29261.127086016037,
    29002.684799431936,
    29002.684799431936,
    29002.684799431936,
    28911.59540751299,
    28911.59540751299,
    28911.59540751299,
    28875.445909067836,
    28875.445909067836,
    28875.445909067836,
    28875.445909067836,
    28543.277533255732,
    28543.277533255732,
    28543.277533255732,
    28543.277533255732,
    28543.277533255732,
    28543.277533255732,
    28543.277533255732,
    28543.277533255732,
    28528.208126879577,
    28502.167099732116,
    28289.67306809371,
    28289.67306809371,
    28236.038494813067,
    28102.660909106795,
    28047.942248906216,
    28032.603086818985,
    28018.55740563516,
    28018.55740563516,
    27831.78969346425,
    27784.551189390517,
    27784.551189390517,
    27784.551189390517,
    27784.551189390517,
    27784.551189390517,
    27784.551189390517,
    27784.551189390517,
    27154.103799999742,
    27154.103799999742,
    26899.48475201504,
    26899.48475201504,
    26810.030620340705,
    26810.030620340705,
    26810.030620340705,
    26810.030620340705,
    26810.030620340705,
    26810.030620340705,
    26810.030620340705,
    26810.030620340705,
    26810.030620340705,
    26039.583714190387,
    26039.583714190387,
    26039.583714190387,
    26039.583714190387,
    26039.583714190387,
    25918.850681970336,
    25918.850681970336,
    25918.850681970336,
    25882.203878050837,
    25882.203878050837,
    25882.203878050837,
    25882.203878050837,
    25882.203878050837,
    25882.203878050837,
    25724.06647456354,
    25721.63591966066,
    25687.419670644045,
    25687.419670644045,
    25639.829106161345,
    25639.829106161345,
    25639.829106161345,
    25639.659195868713,
    25639.659195868713,
    25441.069997360035,
    25441.069997360035,
    25441.069997360035,
    25441.069997360035,
    25441.069997360035,
    25408.00715813267
  ],
  "duration": 47.964433431625366
}