{
  "best_order": [
    90,
    50,
    4,
    83,
    87,
    61,
    20,
    100,
    23,
    33,
    91,
    34,
    44,
    8,
    28,
    21,
    39,
    69,
    76,
    40,
    24,
    19,
    18,
    58,
    72,
    92,
    6,
    64,
    80,
    3,
    38,
    98,
    95,
    79,
    47,
    78,
    46,
    77,
    17,
    42,
    94,
    70,
    5,
    60,
    71,
    56,
    93,
    29,
    73,
    16,
    101,
    65,
    9,
    88,
    84,
    85,
    81,
    2,
    96,
    32,
    49,
    75,
    1,
    11,
    10,
    35,
    25,
    30,
    36,
    48,
    59,
    26,
    54,
    55,
    7,
    82,
    12,
    31,
    62,
    86,
    43,
    89,
    66,
    14,
    68,
    37,
    52,
    13,
    67,
    63,
    74,
    99,
    45,
    27,
    15,
    22,
    97,
    41,
    57,
    53,
    51
  ],
  "best_score": 25004.118125516397,
  "best_info": {
    "total_distance": 25004.118125516397,
    "infeasible_count": 0,
    "routes": [
      {
        "route": [
          90,
          50,
          4,
          83,
          87,
          61,
          20,
          100,
          23,
          33,
          91,
          34,
          44,
          8,
          28,
          21,
          39,
          69,
          76,
          40,
          24,
          19,
          18,
          58,
          72,
          92,
          6,
          64
        ],
        "distance": 7765.272890018949,
        "feasible": true,
        "boxes_total": 48,
        "boxes_packed": 48,
        "fill_rate": 0.23107179675925926
      },
      {
        "route": [
          80,
          3,
          38,
          98,
          95,
          79,
          47,
          78,
          46,
          77,
          17,
          42,
          94,
          70,
          5,
          60,
          71,
          56,
          93,
          29,
          73,
          16,
          101,
          65,
          9,
          88,
          84,
          85,
          81,
          2,
          96,
          32
        ],
        "distance": 7589.8341602137625,
        "feasible": true,
        "boxes_total": 47,
        "boxes_packed": 47,
        "fill_rate": 0.28664560509259257
      },
      {
        "route": [
          49,
          75,
          1,
          11,
          10,
          35,
          25,
          30,
          36,
          48,
          59,
          26,
          54,
          55,
          7,
          82,
          12,
          31,
          62,
          86,
          43,
          89,
          66,
          14,
          68,
          37
        ],
        "distance": 5999.403856025266,
        "feasible": true,
        "boxes_total": 48,
        "boxes_packed": 48,
        "fill_rate": 0.17528279552469136
      },
      {
        "route": [
          52,
          13,
          67,
          63,
          74,
          99,
          45,
          27,
          15,
          22,
          97,
          41,
          57,
          53,
          51
        ],
        "distance": 3649.60721925842,
        "feasible": true,
        "boxes_total": 27,
        "boxes_packed": 27,
        "fill_rate": 0.11622602237654321
      }
    ]
  },
  "history": [
    49176.79169950231,
    48716.288972341965,
    47812.20192400038,
    47277.88988157516,
    45538.674412125394,
    45336.55572222659,
    45182.63252283614,
    44356.86263513868,
    42779.795993231586,
    42779.795993231586,
    42596.22678532296,
    42469.14171759746,
    41089.592532716495,
    41002.428703205675,
    41002.428703205675,
    40282.945497299195,
    40215.83557570363,
    40186.32683086743,
    40186.32683086743,
    39532.381525052304,
    38040.07915375233,
    38040.07915375233,
    38021.947178146205,
    37105.82244845667,
    37105.82244845667,
    37105.82244845667,
    37105.82244845667,
    37105.82244845667,
    36735.1063783707,
    36735.1063783707,
    36622.26240912033,
    36445.876298299605,
    36361.54189096421,
    36134.654425138564,
    35812.72242601348,
    35672.50126766818,
    35372.91131040101,
    35372.91131040101,
    34469.27848727268,
    34469.27848727268,
    34469.27848727268,
    34469.27848727268,
    34270.553996973904,
    34270.553996973904,
    34270.553996973904,
    34160.52544999513,
    34160.52544999513,
    33906.01852050538,
    33822.84695640796,
    33806.02756800001,
    33375.539986039934,
    33375.539986039934,
    33066.89856955601,
    33066.89856955601,
    33034.29045983596,
    33034.29045983596,
    32893.22882902709,
    32789.56203252055,
    32789.56203252055,
    32722.452542221126,
    32276.006365481935,
    32253.50767063688,
    32252.16480262483,
    31960.812533936034,
    31913.594137700566,
    31913.594137700566,
    31140.62960446501,
    31140.62960446501,
    31017.61494140501,
    31017.61494140501,
    30850.77722108043,
    30218.57573171984,
    30218.57573171984,
    30218.57573171984,
    30218.57573171984,
    30218.57573171984,
    30218.57573171984,
    30218.57573171984,
    29781.9784637645,
    29753.194283428293,
    29753.194283428293,
    29753.194283428293,
    29589.257343950158,
    29589.257343950158,
    29589.257343950158,
    29589.257343950158,
    29454.554936084452,
    29454.554936084452,
    29454.554936084452,
    29454.554936084452,
    29454.554936084452,
    29402.779736022505,
    29106.41298030018,
    29106.41298030018,
    29106.41298030018,
    29106.41298030018,
    29106.41298030018,
    29106.41298030018,
    29106.41298030018,
    29106.41298030018,
    29106.41298030018,
    29106.41298030018,
    29099.11195216167,
    28918.501832883583,
    28918.501832883583,
    28602.18109826901,
    28602.18109826901,
    28602.18109826901,
    28602.18109826901,
    28602.18109826901,
    28602.18109826901,
    28602.18109826901,
    28602.18109826901,
    28509.327034804814,
    28509.327034804814,
    28329.85849447555,
    28193.78519756523,
    28193.78519756523,
    28171.203927461996,
    28171.203927461996,
    28169.8573709282,
    27863.98253828461,
    27863.98253828461,
    27863.98253828461,
    27863.98253828461,
    27743.330397316844,
    27743.330397316844,
    27743.330397316844,
    27743.330397316844,
    27743.330397316844,
    27648.447503438612,
    27648.447503438612,
    27648.447503438612,
    27648.447503438612,
    27648.447503438612,
    27648.447503438612,
    27541.878358681664,
    27541.878358681664,
    27541.878358681664,
    27541.878358681664,
    27541.878358681664,
    27462.315833188113,
    27413.216827704942,
    27413.216827704942,
    27166.937456337284,
    26918.73900670264,
    26905.284963538466,
    26905.284963538466,
    26905.284963538466,
    26905.284963538466,
    26777.190351014706,
    26777.190351014706,
    26714.25003087613,
    26714.25003087613,
    26599.445916313147,
    26599.445916313147,
    26599.445916313147,
    26599.445916313147,
    26523.24246799135,
    26523.24246799135,
    26523.24246799135,
    26523.24246799135,
    26422.756839608217,
    26422.756839608217,
    26422.756839608217,
    26365.62157564474,
    26365.62157564474,
    26365.62157564474,
    26272.56906911148,
    26265.135947261602,
    26265.105869058236,
    25910.467287841,
    25910.467287841,
    25910.467287841,
    25910.467287841,
    25819.583520296725,
    25654.96657240115,
    25654.96657240115,
    25569.299750106482,
    25404.86633131155,
    25404.86633131155,
    25404.86633131155,
    25404.86633131155,
    25404.86633131155,
    25326.10522776622,
    25326.10522776622,
    25075.871801745074,
    25075.871801745074,
    25075.871801745074,
    25075.871801745074,
    25059.943914830874,
    25029.78696413384,
    25029.78696413384,
    25029.78696413384,
    25029.78696413384,
    25029.78696413384,
    25004.118125516397,
    25004.118125516397,
    25004.118125516397,
    25004.118125516397
  ],
  "duration": 42.421560764312744
}